-- phpMyAdmin SQL Dump
-- version 5.2.1
-- https://www.phpmyadmin.net/
--
-- Host: 127.0.0.1
-- Waktu pembuatan: 22 Bulan Mei 2025 pada 11.19
-- Versi server: 10.4.32-MariaDB
-- Versi PHP: 8.0.30

SET SQL_MODE = "NO_AUTO_VALUE_ON_ZERO";
START TRANSACTION;
SET time_zone = "+00:00";


/*!40101 SET @OLD_CHARACTER_SET_CLIENT=@@CHARACTER_SET_CLIENT */;
/*!40101 SET @OLD_CHARACTER_SET_RESULTS=@@CHARACTER_SET_RESULTS */;
/*!40101 SET @OLD_COLLATION_CONNECTION=@@COLLATION_CONNECTION */;
/*!40101 SET NAMES utf8mb4 */;

--
-- Database: `skripsi_rekomers`
--

-- --------------------------------------------------------

--
-- Struktur dari tabel `attendants`
--

CREATE TABLE `attendants` (
  `course_id` char(100) NOT NULL,
  `year` int(10) UNSIGNED NOT NULL,
  `student_id` char(100) NOT NULL,
  `semester` int(10) UNSIGNED NOT NULL,
  `grade` double UNSIGNED NOT NULL,
  `attendant_status` char(100) NOT NULL
) ENGINE=InnoDB DEFAULT CHARSET=utf8mb4 COLLATE=utf8mb4_unicode_ci;

-- --------------------------------------------------------

--
-- Struktur dari tabel `classrooms`
--

CREATE TABLE `classrooms` (
  `id` char(150) NOT NULL,
  `program_study_id` varchar(100) NOT NULL,
  `classname` varchar(200) NOT NULL
) ENGINE=InnoDB DEFAULT CHARSET=utf8mb4 COLLATE=utf8mb4_unicode_ci;

--
-- Dumping data untuk tabel `classrooms`
--

INSERT INTO `classrooms` (`id`, `program_study_id`, `classname`) VALUES
('K001', 'TKJ', 'XI TKJ'),
('K002', 'RPL', 'XI RPL');

-- --------------------------------------------------------

--
-- Struktur dari tabel `clusterings`
--

CREATE TABLE `clusterings` (
  `student_id` char(100) NOT NULL,
  `clustering_grade` double UNSIGNED NOT NULL,
  `cluster` enum('C1','C2','C3') NOT NULL,
  `risk` enum('high','medium','less') NOT NULL,
  `course_id` char(200) NOT NULL,
  `year` int(10) UNSIGNED NOT NULL,
  `semester` char(200) NOT NULL,
  `assignment` double UNSIGNED NOT NULL,
  `project` double UNSIGNED NOT NULL,
  `exams` double UNSIGNED NOT NULL,
  `centroid1` double UNSIGNED NOT NULL,
  `centroid2` double UNSIGNED NOT NULL,
  `centroid3` double UNSIGNED NOT NULL
) ENGINE=InnoDB DEFAULT CHARSET=utf8mb4 COLLATE=utf8mb4_unicode_ci;

--
-- Dumping data untuk tabel `clusterings`
--

INSERT INTO `clusterings` (`student_id`, `clustering_grade`, `cluster`, `risk`, `course_id`, `year`, `semester`, `assignment`, `project`, `exams`, `centroid1`, `centroid2`, `centroid3`) VALUES
('2118055', 0, 'C1', 'high', 'C002', 2024, 'GANJIL', 1, 0, 0, 0.5, 137.17, 153.73),
('5132119463', 0, 'C3', 'less', 'C002', 2024, 'GANJIL', 97, 99, 90, 164.96, 27.98, 12.51),
('5133119563', 0, 'C3', 'less', 'C002', 2024, 'GANJIL', 85, 87, 88, 149.84, 12.97, 4.6),
('5138119663', 0, 'C2', 'medium', 'C002', 2024, 'GANJIL', 80, 82, 88, 144.18, 9.99, 11.62),
('5139119763', 0, 'C3', 'less', 'C002', 2024, 'GANJIL', 80, 83, 90, 145.98, 12.18, 10.96),
('5140119863', 0, 'C3', 'less', 'C002', 2024, 'GANJIL', 86, 90, 91, 153.92, 17.3, 3.03),
('5143119963', 0, 'C2', 'medium', 'C002', 2024, 'GANJIL', 80, 82, 86, 142.97, 8.09, 11.93),
('5146120063', 0, 'C3', 'less', 'C002', 2024, 'GANJIL', 87, 90, 88, 152.73, 15.63, 1.42),
('5154120263', 0, 'C3', 'less', 'C002', 2024, 'GANJIL', 94, 96, 91, 161.99, 24.7, 8.49),
('5157120363', 0, 'C3', 'less', 'C002', 2024, 'GANJIL', 83, 86, 86, 146.96, 10.34, 7.25),
('5160120463', 0, 'C3', 'less', 'C002', 2024, 'GANJIL', 80, 88, 85, 145.91, 10.95, 9.26),
('5165120563', 0, 'C3', 'less', 'C002', 2024, 'GANJIL', 94, 96, 88, 160.32, 23.32, 8.25),
('5172120663', 0, 'C2', 'medium', 'C002', 2024, 'GANJIL', 80, 82, 84, 141.78, 6.26, 12.56),
('5174120763', 0, 'C3', 'less', 'C002', 2024, 'GANJIL', 85, 87, 86, 148.68, 11.58, 5.34),
('5175120863', 0, 'C3', 'less', 'C002', 2024, 'GANJIL', 86, 89, 89, 152.16, 15.25, 2.47),
('5176120963', 0, 'C3', 'less', 'C002', 2024, 'GANJIL', 84, 90, 90, 152.22, 16.08, 4.27),
('5179121063', 0, 'C2', 'medium', 'C002', 2024, 'GANJIL', 85, 87, 80, 145.29, 8.9, 9.93),
('5180121163', 0, 'C2', 'medium', 'C002', 2024, 'GANJIL', 80, 82, 88, 144.18, 9.99, 11.62),
('5185121363', 0, 'C2', 'medium', 'C002', 2024, 'GANJIL', 75, 72, 77, 129.09, 9.46, 25.42),
('5187121463', 0, 'C3', 'less', 'C002', 2024, 'GANJIL', 94, 96, 89, 160.87, 23.75, 8.21),
('5189121563', 0, 'C3', 'less', 'C002', 2024, 'GANJIL', 82, 85, 87, 146.41, 10.36, 8.28),
('5192121663', 0, 'C3', 'less', 'C002', 2024, 'GANJIL', 80, 87, 85, 145.31, 10.17, 9.55),
('5193121763', 0, 'C3', 'less', 'C002', 2024, 'GANJIL', 94, 96, 89, 160.87, 23.75, 8.21),
('5194121863', 0, 'C3', 'less', 'C002', 2024, 'GANJIL', 85, 87, 90, 151.03, 14.51, 4.67),
('5200121963', 0, 'C3', 'less', 'C002', 2024, 'GANJIL', 82, 88, 89, 149.36, 13.75, 6.52),
('5201122063', 0, 'C3', 'less', 'C002', 2024, 'GANJIL', 92, 94, 88, 157.96, 20.79, 5.45),
('5203122163', 0, 'C3', 'less', 'C002', 2024, 'GANJIL', 94, 96, 91, 161.99, 24.7, 8.49),
('5204122263', 0, 'C2', 'medium', 'C002', 2024, 'GANJIL', 80, 83, 80, 140.03, 4.12, 14.03),
('5205122363', 0, 'C1', 'high', 'C002', 2024, 'GANJIL', 0, 0, 0, 0.5, 137.75, 154.29),
('5207122463', 0, 'C3', 'less', 'C002', 2024, 'GANJIL', 85, 87, 88, 149.84, 12.97, 4.6),
('5213122563', 0, 'C3', 'less', 'C002', 2024, 'GANJIL', 90, 90, 94, 157.94, 21, 5.5),
('5214122663', 0, 'C2', 'medium', 'C002', 2024, 'GANJIL', 80, 83, 88, 144.75, 10.3, 10.93),
('5215122763', 0, 'C3', 'less', 'C002', 2024, 'GANJIL', 90, 81, 93, 152.38, 17.29, 10.35),
('5216122863', 0, 'C3', 'less', 'C002', 2024, 'GANJIL', 99, 100, 91, 167.28, 30.27, 14.76),
('5218122963', 0, 'C3', 'less', 'C002', 2024, 'GANJIL', 85, 87, 85, 148.1, 10.95, 5.93),
('5219123063', 0, 'C3', 'less', 'C002', 2024, 'GANJIL', 85, 88, 84, 148.12, 11.14, 6.19),
('5221123163', 0, 'C3', 'less', 'C002', 2024, 'GANJIL', 85, 87, 88, 149.84, 12.97, 4.6),
('5222123263', 0, 'C3', 'less', 'C002', 2024, 'GANJIL', 96, 98, 87, 162.15, 25.55, 11.19),
('5230123363', 0, 'C3', 'less', 'C002', 2024, 'GANJIL', 93, 95, 86, 158.04, 21.25, 7.36),
('5231123463', 0, 'C3', 'less', 'C002', 2024, 'GANJIL', 90, 85, 89, 152.17, 15.1, 5.62),
('5238123563', 0, 'C2', 'medium', 'C002', 2024, 'GANJIL', 83, 78, 77, 137.18, 2.88, 17.81),
('5240123663', 0, 'C3', 'less', 'C002', 2024, 'GANJIL', 97, 99, 92, 166.06, 28.87, 12.85),
('5243123763', 0, 'C2', 'medium', 'C002', 2024, 'GANJIL', 80, 82, 86, 142.97, 8.09, 11.93),
('5246123863', 0, 'C2', 'medium', 'C002', 2024, 'GANJIL', 75, 78, 75, 131.37, 6.91, 22.68),
('5252123963', 0, 'C2', 'medium', 'C002', 2024, 'GANJIL', 82, 85, 85, 145.23, 8.78, 8.94),
('5253124063', 0, 'C3', 'less', 'C002', 2024, 'GANJIL', 80, 83, 93, 147.85, 15.06, 11.67),
('5256124163', 0, 'C3', 'less', 'C002', 2024, 'GANJIL', 80, 82, 91, 146.03, 12.89, 11.79),
('5257124263', 0, 'C3', 'less', 'C002', 2024, 'GANJIL', 97, 99, 87, 163.35, 26.88, 12.59),
('5264124363', 0, 'C3', 'less', 'C002', 2024, 'GANJIL', 83, 97, 96, 159.47, 25.04, 11.06),
('5276124463', 0, 'C3', 'less', 'C002', 2024, 'GANJIL', 94, 96, 89, 160.87, 23.75, 8.21),
('5279124563', 0, 'C3', 'less', 'C002', 2024, 'GANJIL', 97, 99, 92, 166.06, 28.87, 12.85),
('5282124663', 0, 'C3', 'less', 'C002', 2024, 'GANJIL', 94, 96, 91, 161.99, 24.7, 8.49),
('5286124763', 0, 'C3', 'less', 'C002', 2024, 'GANJIL', 96, 98, 92, 164.89, 27.64, 11.48),
('5288124863', 0, 'C3', 'less', 'C002', 2024, 'GANJIL', 83, 90, 92, 152.87, 17.42, 6.01),
('5294124963', 0, 'C3', 'less', 'C002', 2024, 'GANJIL', 83, 92, 93, 154.66, 19.46, 6.8),
('5296125063', 0, 'C3', 'less', 'C002', 2024, 'GANJIL', 90, 80, 90, 150.03, 14.76, 10.53),
('5304125163', 0, 'C3', 'less', 'C002', 2024, 'GANJIL', 85, 87, 88, 149.84, 12.97, 4.6),
('5305125263', 0, 'C3', 'less', 'C002', 2024, 'GANJIL', 93, 95, 87, 158.59, 21.63, 7.04),
('5308125363', 0, 'C2', 'medium', 'C002', 2024, 'GANJIL', 80, 83, 85, 142.95, 7.6, 11.56),
('5311125463', 0, 'C3', 'less', 'C002', 2024, 'GANJIL', 80, 82, 90, 145.41, 11.92, 11.65),
('5313125563', 0, 'C3', 'less', 'C002', 2024, 'GANJIL', 99, 100, 91, 167.28, 30.27, 14.76),
('5316125663', 0, 'C3', 'less', 'C002', 2024, 'GANJIL', 88, 90, 90, 154.45, 17.31, 1.2),
('5317125763', 0, 'C2', 'medium', 'C002', 2024, 'GANJIL', 80, 83, 88, 144.75, 10.3, 10.93),
('5321125863', 0, 'C3', 'less', 'C002', 2024, 'GANJIL', 95, 92, 92, 160.81, 23.36, 7.78),
('5322125963', 0, 'C3', 'less', 'C002', 2024, 'GANJIL', 82, 86, 89, 148.19, 12.58, 7.46),
('5324126063', 0, 'C3', 'less', 'C002', 2024, 'GANJIL', 90, 91, 93, 157.92, 20.81, 4.63),
('5325126163', 0, 'C3', 'less', 'C002', 2024, 'GANJIL', 99, 100, 91, 167.28, 30.27, 14.76),
('5328126263', 0, 'C3', 'less', 'C002', 2024, 'GANJIL', 97, 99, 93, 166.62, 29.35, 13.13),
('5329126363', 0, 'C3', 'less', 'C002', 2024, 'GANJIL', 85, 88, 84, 148.12, 11.14, 6.19),
('5332126463', 0, 'C3', 'less', 'C002', 2024, 'GANJIL', 97, 99, 91, 165.51, 28.41, 12.64),
('5333126563', 0, 'C3', 'less', 'C002', 2024, 'GANJIL', 85, 87, 90, 151.03, 14.51, 4.67),
('5335126663', 0, 'C3', 'less', 'C002', 2024, 'GANJIL', 88, 91, 92, 156.21, 19.3, 3.24),
('5336126763', 0, 'C3', 'less', 'C002', 2024, 'GANJIL', 97, 99, 91, 165.51, 28.41, 12.64),
('5337126863', 0, 'C3', 'less', 'C002', 2024, 'GANJIL', 97, 99, 89, 164.42, 27.59, 12.45),
('5338126963', 0, 'C3', 'less', 'C002', 2024, 'GANJIL', 94, 96, 90, 161.43, 24.21, 8.29),
('5345127063', 0, 'C3', 'less', 'C002', 2024, 'GANJIL', 99, 100, 91, 167.28, 30.27, 14.76),
('5346127163', 0, 'C3', 'less', 'C002', 2024, 'GANJIL', 90, 91, 92, 157.34, 20.12, 3.75),
('5347127263', 0, 'C3', 'less', 'C002', 2024, 'GANJIL', 80, 83, 90, 145.98, 12.18, 10.96),
('5348127363', 0, 'C3', 'less', 'C002', 2024, 'GANJIL', 92, 94, 88, 157.96, 20.79, 5.45),
('5353127463', 0, 'C3', 'less', 'C002', 2024, 'GANJIL', 80, 86, 88, 146.49, 11.72, 9.21),
('5365127563', 0, 'C2', 'medium', 'C002', 2024, 'GANJIL', 80, 83, 82, 141.19, 5.22, 12.87),
('5366127663', 0, 'C3', 'less', 'C002', 2024, 'GANJIL', 90, 97, 96, 163.2, 26.57, 10),
('5371127763', 0, 'C2', 'medium', 'C002', 2024, 'GANJIL', 80, 82, 84, 141.78, 6.26, 12.56),
('5372127863', 0, 'C3', 'less', 'C002', 2024, 'GANJIL', 80, 83, 93, 147.85, 15.06, 11.67),
('5376128063', 0, 'C2', 'medium', 'C002', 2024, 'GANJIL', 80, 82, 80, 139.44, 3.25, 14.58),
('5380128163', 0, 'C3', 'less', 'C002', 2024, 'GANJIL', 95, 97, 91, 163.16, 25.92, 9.86),
('5383128263', 0, 'C3', 'less', 'C002', 2024, 'GANJIL', 96, 98, 91, 164.33, 27.16, 11.25),
('5390128363', 0, 'C2', 'medium', 'C002', 2024, 'GANJIL', 81, 84, 80, 141.2, 4.97, 12.97),
('5391128463', 0, 'C3', 'less', 'C002', 2024, 'GANJIL', 90, 81, 89, 149.97, 14.08, 9.48),
('5399128563', 0, 'C3', 'less', 'C002', 2024, 'GANJIL', 99, 100, 90, 166.74, 29.87, 14.64),
('5403128663', 0, 'C3', 'less', 'C002', 2024, 'GANJIL', 85, 88, 93, 153.41, 17.48, 5.67),
('5406128763', 0, 'C2', 'medium', 'C002', 2024, 'GANJIL', 82, 80, 75, 136.63, 3.68, 18.29),
('5407128863', 0, 'C3', 'less', 'C002', 2024, 'GANJIL', 99, 100, 88, 165.67, 29.15, 14.62),
('5411128963', 0, 'C3', 'less', 'C002', 2024, 'GANJIL', 82, 87, 91, 149.97, 14.79, 7.26),
('5413129063', 0, 'C3', 'less', 'C002', 2024, 'GANJIL', 87, 90, 87, 152.16, 15.03, 2.17),
('5416129163', 0, 'C2', 'medium', 'C002', 2024, 'GANJIL', 80, 82, 88, 144.18, 9.99, 11.62),
('5417129263', 0, 'C3', 'less', 'C002', 2024, 'GANJIL', 93, 95, 88, 159.14, 22.05, 6.85),
('5419129363', 0, 'C3', 'less', 'C002', 2024, 'GANJIL', 92, 94, 89, 158.52, 21.27, 5.38),
('5422129463', 0, 'C3', 'less', 'C002', 2024, 'GANJIL', 97, 99, 86, 162.82, 26.58, 12.77),
('5424129563', 0, 'C3', 'less', 'C002', 2024, 'GANJIL', 87, 90, 89, 153.31, 16.26, 1.15),
('5427129663', 0, 'C3', 'less', 'C002', 2024, 'GANJIL', 90, 85, 89, 152.17, 15.1, 5.62),
('5429129763', 0, 'C3', 'less', 'C002', 2024, 'GANJIL', 97, 99, 94, 167.18, 29.86, 13.48),
('5431129863', 0, 'C3', 'less', 'C002', 2024, 'GANJIL', 85, 88, 85, 148.69, 11.67, 5.44),
('5436129963', 0, 'C3', 'less', 'C002', 2024, 'GANJIL', 85, 87, 86, 148.68, 11.58, 5.34),
('5437130063', 0, 'C3', 'less', 'C002', 2024, 'GANJIL', 83, 86, 86, 146.96, 10.34, 7.25),
('5438130163', 0, 'C3', 'less', 'C002', 2024, 'GANJIL', 85, 87, 89, 150.43, 13.73, 4.52),
('5448130263', 0, 'C3', 'less', 'C002', 2024, 'GANJIL', 92, 94, 87, 157.41, 20.35, 5.69),
('5453130363', 0, 'C3', 'less', 'C002', 2024, 'GANJIL', 99, 100, 89, 166.2, 29.5, 14.6),
('5454130463', 0, 'C2', 'medium', 'C002', 2024, 'GANJIL', 82, 85, 85, 145.23, 8.78, 8.94),
('5457130563', 0, 'C3', 'less', 'C002', 2024, 'GANJIL', 83, 86, 87, 147.55, 11.1, 6.92),
('5459130663', 0, 'C3', 'less', 'C002', 2024, 'GANJIL', 97, 99, 91, 165.51, 28.41, 12.64),
('5464130763', 0, 'C3', 'less', 'C002', 2024, 'GANJIL', 90, 81, 89, 149.97, 14.08, 9.48),
('5466130863', 0, 'C3', 'less', 'C002', 2024, 'GANJIL', 90, 93, 85, 154.55, 17.74, 5.07),
('5467130963', 0, 'C2', 'medium', 'C002', 2024, 'GANJIL', 82, 76, 81, 137.77, 4.33, 17.4),
('5469131063', 0, 'C3', 'less', 'C002', 2024, 'GANJIL', 92, 94, 87, 157.41, 20.35, 5.69),
('5470131163', 0, 'C3', 'less', 'C002', 2024, 'GANJIL', 92, 94, 86, 156.86, 19.95, 6.08),
('5479131263', 0, 'C3', 'less', 'C002', 2024, 'GANJIL', 94, 96, 91, 161.99, 24.7, 8.49),
('5481131363', 0, 'C3', 'less', 'C002', 2024, 'GANJIL', 81, 84, 93, 148.95, 15.32, 10.36),
('5482131463', 0, 'C2', 'medium', 'C002', 2024, 'GANJIL', 80, 82, 85, 142.37, 7.16, 12.21),
('5494131563', 0, 'C2', 'medium', 'C002', 2024, 'GANJIL', 80, 82, 85, 142.37, 7.16, 12.21),
('5496131663', 0, 'C3', 'less', 'C002', 2024, 'GANJIL', 85, 87, 87, 149.26, 12.25, 4.88),
('5497131763', 0, 'C3', 'less', 'C002', 2024, 'GANJIL', 99, 100, 91, 167.28, 30.27, 14.76),
('5498131863', 0, 'C3', 'less', 'C002', 2024, 'GANJIL', 90, 93, 91, 157.92, 20.73, 3.95),
('5502131963', 0, 'C3', 'less', 'C002', 2024, 'GANJIL', 82, 85, 87, 146.41, 10.36, 8.28),
('5504132063', 0, 'C2', 'medium', 'C002', 2024, 'GANJIL', 90, 72, 77, 138.29, 11.78, 21.87),
('5505132163', 0, 'C3', 'less', 'C002', 2024, 'GANJIL', 90, 97, 96, 163.2, 26.57, 10),
('5506132263', 0, 'C2', 'medium', 'C002', 2024, 'GANJIL', 80, 82, 80, 139.44, 3.25, 14.58),
('5509132363', 0, 'C2', 'medium', 'C002', 2024, 'GANJIL', 78, 83, 87, 143.05, 9.77, 12.59),
('5513132463', 0, 'C3', 'less', 'C002', 2024, 'GANJIL', 84, 87, 85, 147.53, 10.61, 6.51),
('5518132563', 0, 'C2', 'medium', 'C002', 2024, 'GANJIL', 80, 83, 85, 142.95, 7.6, 11.56),
('5519132663', 0, 'C3', 'less', 'C002', 2024, 'GANJIL', 94, 96, 87, 159.77, 22.93, 8.41),
('5526132763', 0, 'C3', 'less', 'C002', 2024, 'GANJIL', 85, 87, 88, 149.84, 12.97, 4.6),
('5528132863', 0, 'C3', 'less', 'C002', 2024, 'GANJIL', 97, 99, 90, 164.96, 27.98, 12.51),
('5531132963', 0, 'C2', 'medium', 'C002', 2024, 'GANJIL', 80, 76, 77, 134.26, 3.68, 20.25),
('5534133063', 0, 'C3', 'less', 'C002', 2024, 'GANJIL', 81, 84, 88, 145.88, 10.67, 9.52),
('5538133163', 0, 'C2', 'medium', 'C002', 2024, 'GANJIL', 80, 83, 85, 142.95, 7.6, 11.56),
('5539133263', 0, 'C3', 'less', 'C002', 2024, 'GANJIL', 90, 93, 92, 158.5, 21.35, 4.58),
('5543133363', 0, 'C3', 'less', 'C002', 2024, 'GANJIL', 82, 85, 86, 145.82, 9.55, 8.56),
('5546133463', 0, 'C3', 'less', 'C002', 2024, 'GANJIL', 92, 94, 87, 157.41, 20.35, 5.69),
('5549133563', 0, 'C2', 'medium', 'C002', 2024, 'GANJIL', 84, 82, 77, 140.09, 4.39, 15.02),
('5555133663', 0, 'C2', 'medium', 'C002', 2024, 'GANJIL', 80, 82, 80, 139.44, 3.25, 14.58),
('2118055', 0, 'C1', 'high', 'C001', 2024, 'GANJIL', 0, 0, 0, 54.69, 133.86, 160.97),
('5132119463', 0, 'C3', 'less', 'C001', 2024, 'GANJIL', 93, 92, 88, 112.56, 25.77, 4.79),
('5133119563', 0, 'C2', 'medium', 'C001', 2024, 'GANJIL', 83, 80, 86, 97.38, 10.29, 17.71),
('5138119663', 0, 'C2', 'medium', 'C001', 2024, 'GANJIL', 83, 80, 86, 97.38, 10.29, 17.71),
('5139119763', 0, 'C3', 'less', 'C001', 2024, 'GANJIL', 98, 98, 95, 122.36, 35.38, 7.41),
('5140119863', 0, 'C3', 'less', 'C001', 2024, 'GANJIL', 95, 95, 95, 118.45, 31.5, 3.65),
('5143119963', 0, 'C3', 'less', 'C001', 2024, 'GANJIL', 82, 90, 84, 102.7, 18.06, 14.68),
('5146120063', 0, 'C3', 'less', 'C001', 2024, 'GANJIL', 98, 98, 95, 122.36, 35.38, 7.41),
('5154120263', 0, 'C3', 'less', 'C001', 2024, 'GANJIL', 90, 85, 88, 106.02, 18.9, 9.58),
('5157120363', 0, 'C3', 'less', 'C001', 2024, 'GANJIL', 98, 98, 95, 122.36, 35.38, 7.41),
('5160120463', 0, 'C3', 'less', 'C001', 2024, 'GANJIL', 95, 95, 95, 118.45, 31.5, 3.65),
('5165120563', 0, 'C3', 'less', 'C001', 2024, 'GANJIL', 90, 85, 89, 106.4, 19.25, 9.13),
('5172120663', 0, 'C2', 'medium', 'C001', 2024, 'GANJIL', 82, 80, 82, 95.23, 8.8, 20.14),
('5174120763', 0, 'C2', 'medium', 'C001', 2024, 'GANJIL', 84, 80, 84, 97.3, 10.31, 18.01),
('5175120863', 0, 'C3', 'less', 'C001', 2024, 'GANJIL', 98, 98, 95, 122.36, 35.38, 7.41),
('5176120963', 0, 'C3', 'less', 'C001', 2024, 'GANJIL', 95, 95, 95, 118.45, 31.5, 3.65),
('5179121063', 0, 'C2', 'medium', 'C001', 2024, 'GANJIL', 80, 80, 78, 92.54, 8.72, 23.61),
('5180121163', 0, 'C2', 'medium', 'C001', 2024, 'GANJIL', 82, 80, 86, 96.71, 9.73, 18.32),
('5185121363', 0, 'C1', 'high', 'C001', 2024, 'GANJIL', 30, 30, 30, 25.03, 82, 109.01),
('5187121463', 0, 'C3', 'less', 'C001', 2024, 'GANJIL', 90, 85, 88, 106.02, 18.9, 9.58),
('5189121563', 0, 'C3', 'less', 'C001', 2024, 'GANJIL', 98, 98, 95, 122.36, 35.38, 7.41),
('5192121663', 0, 'C2', 'medium', 'C001', 2024, 'GANJIL', 95, 85, 30, 103.71, 56.24, 63.2),
('5193121763', 0, 'C2', 'medium', 'C001', 2024, 'GANJIL', 50, 85, 96, 88.2, 32.8, 44.29),
('5194121863', 0, 'C2', 'medium', 'C001', 2024, 'GANJIL', 85, 80, 88, 99.5, 12.43, 15.89),
('5200121963', 0, 'C2', 'medium', 'C001', 2024, 'GANJIL', 95, 30, 95, 90.8, 48.27, 62.62),
('5201122063', 0, 'C3', 'less', 'C001', 2024, 'GANJIL', 88, 85, 87, 104.3, 17.25, 10.97),
('5203122163', 0, 'C3', 'less', 'C001', 2024, 'GANJIL', 90, 95, 95, 115.26, 28.92, 4.84),
('5204122263', 0, 'C3', 'less', 'C001', 2024, 'GANJIL', 67, 98, 95, 104.75, 30.12, 27.16),
('5205122363', 0, 'C1', 'high', 'C001', 2024, 'GANJIL', 30, 30, 30, 25.03, 82, 109.01),
('5207122463', 0, 'C2', 'medium', 'C001', 2024, 'GANJIL', 85, 80, 86, 98.73, 11.58, 16.6),
('5213122563', 0, 'C3', 'less', 'C001', 2024, 'GANJIL', 95, 95, 95, 118.45, 31.5, 3.65),
('5214122663', 0, 'C2', 'medium', 'C001', 2024, 'GANJIL', 34, 98, 95, 93.96, 51.51, 59.81),
('5215122763', 0, 'C3', 'less', 'C001', 2024, 'GANJIL', 95, 95, 95, 118.45, 31.5, 3.65),
('5216122863', 0, 'C2', 'medium', 'C001', 2024, 'GANJIL', 95, 67, 95, 102.48, 23.07, 25.7),
('5218122963', 0, 'C3', 'less', 'C001', 2024, 'GANJIL', 82, 92, 86, 104.81, 20.29, 13.35),
('5219123063', 0, 'C3', 'less', 'C001', 2024, 'GANJIL', 98, 98, 95, 122.36, 35.38, 7.41),
('5221123163', 0, 'C2', 'medium', 'C001', 2024, 'GANJIL', 35, 92, 86, 84.73, 46.32, 58.9),
('5222123263', 0, 'C3', 'less', 'C001', 2024, 'GANJIL', 92, 85, 90, 108.15, 21.02, 8.18),
('5230123363', 0, 'C3', 'less', 'C001', 2024, 'GANJIL', 89, 85, 90, 106.12, 18.99, 9.22),
('5231123463', 0, 'C3', 'less', 'C001', 2024, 'GANJIL', 95, 95, 95, 118.45, 31.5, 3.65),
('5238123563', 0, 'C3', 'less', 'C001', 2024, 'GANJIL', 95, 95, 95, 118.45, 31.5, 3.65),
('5240123663', 0, 'C3', 'less', 'C001', 2024, 'GANJIL', 93, 92, 90, 113.28, 26.32, 2.84),
('5243123763', 0, 'C2', 'medium', 'C001', 2024, 'GANJIL', 82, 56, 84, 82.51, 17.67, 39.31),
('5246123863', 0, 'C1', 'high', 'C001', 2024, 'GANJIL', 30, 30, 95, 49.59, 64.87, 89.18),
('5252123963', 0, 'C3', 'less', 'C001', 2024, 'GANJIL', 98, 98, 95, 122.36, 35.38, 7.41),
('5253124063', 0, 'C3', 'less', 'C001', 2024, 'GANJIL', 98, 98, 95, 122.36, 35.38, 7.41),
('5256124163', 0, 'C3', 'less', 'C001', 2024, 'GANJIL', 95, 95, 95, 118.45, 31.5, 3.65),
('5257124263', 0, 'C3', 'less', 'C001', 2024, 'GANJIL', 93, 80, 85, 103.96, 17.87, 14.76),
('5264124363', 0, 'C3', 'less', 'C001', 2024, 'GANJIL', 95, 95, 95, 118.45, 31.5, 3.65),
('5276124463', 0, 'C3', 'less', 'C001', 2024, 'GANJIL', 90, 85, 92, 107.58, 20.55, 8.37),
('5279124563', 0, 'C3', 'less', 'C001', 2024, 'GANJIL', 93, 92, 90, 113.28, 26.32, 2.84),
('5282124663', 0, 'C3', 'less', 'C001', 2024, 'GANJIL', 92, 95, 90, 114.61, 28.04, 3.97),
('5286124763', 0, 'C3', 'less', 'C001', 2024, 'GANJIL', 92, 95, 95, 116.52, 29.88, 3.66),
('5288124863', 0, 'C3', 'less', 'C001', 2024, 'GANJIL', 95, 95, 95, 118.45, 31.5, 3.65),
('5294124963', 0, 'C3', 'less', 'C001', 2024, 'GANJIL', 95, 95, 95, 118.45, 31.5, 3.65),
('5296125063', 0, 'C2', 'medium', 'C001', 2024, 'GANJIL', 30, 95, 95, 90.8, 53.57, 63.6),
('5304125163', 0, 'C2', 'medium', 'C001', 2024, 'GANJIL', 83, 85, 86, 100.64, 14.24, 14.59),
('5305125263', 0, 'C3', 'less', 'C001', 2024, 'GANJIL', 89, 85, 88, 105.35, 18.22, 9.99),
('5308125363', 0, 'C3', 'less', 'C001', 2024, 'GANJIL', 98, 98, 95, 122.36, 35.38, 7.41),
('5311125463', 0, 'C2', 'medium', 'C001', 2024, 'GANJIL', 30, 95, 95, 90.8, 53.57, 63.6),
('5313125563', 0, 'C3', 'less', 'C001', 2024, 'GANJIL', 95, 85, 95, 112.2, 25.45, 8.03),
('5316125663', 0, 'C2', 'medium', 'C001', 2024, 'GANJIL', 90, 44, 88, 86.19, 32.21, 48.91),
('5317125763', 0, 'C3', 'less', 'C001', 2024, 'GANJIL', 98, 98, 95, 122.36, 35.38, 7.41),
('5321125863', 0, 'C3', 'less', 'C001', 2024, 'GANJIL', 98, 98, 95, 122.36, 35.38, 7.41),
('5322125963', 0, 'C3', 'less', 'C001', 2024, 'GANJIL', 95, 95, 95, 118.45, 31.5, 3.65),
('5324126063', 0, 'C3', 'less', 'C001', 2024, 'GANJIL', 95, 95, 95, 118.45, 31.5, 3.65),
('5325126163', 0, 'C3', 'less', 'C001', 2024, 'GANJIL', 95, 85, 90, 110.22, 23.27, 8.17),
('5328126263', 0, 'C2', 'medium', 'C001', 2024, 'GANJIL', 93, 23, 91, 86.4, 53.11, 69.58),
('5329126363', 0, 'C3', 'less', 'C001', 2024, 'GANJIL', 98, 98, 95, 122.36, 35.38, 7.41),
('5332126463', 0, 'C3', 'less', 'C001', 2024, 'GANJIL', 93, 85, 88, 108.08, 21.08, 8.93),
('5333126563', 0, 'C2', 'medium', 'C001', 2024, 'GANJIL', 82, 75, 88, 94.41, 8.26, 21.52),
('5335126663', 0, 'C3', 'less', 'C001', 2024, 'GANJIL', 95, 95, 95, 118.45, 31.5, 3.65),
('5336126763', 0, 'C3', 'less', 'C001', 2024, 'GANJIL', 93, 85, 93, 110.01, 23.04, 7.58),
('5337126863', 0, 'C3', 'less', 'C001', 2024, 'GANJIL', 93, 92, 87, 112.21, 25.55, 5.78),
('5338126963', 0, 'C3', 'less', 'C001', 2024, 'GANJIL', 90, 95, 95, 115.26, 28.92, 4.84),
('5345127063', 0, 'C3', 'less', 'C001', 2024, 'GANJIL', 95, 85, 95, 112.2, 25.45, 8.03),
('5346127163', 0, 'C3', 'less', 'C001', 2024, 'GANJIL', 95, 95, 95, 118.45, 31.5, 3.65),
('5347127263', 0, 'C3', 'less', 'C001', 2024, 'GANJIL', 98, 98, 95, 122.36, 35.38, 7.41),
('5348127363', 0, 'C3', 'less', 'C001', 2024, 'GANJIL', 88, 85, 89, 105.06, 17.95, 10.07),
('5353127463', 0, 'C3', 'less', 'C001', 2024, 'GANJIL', 95, 95, 95, 118.45, 31.5, 3.65),
('5365127563', 0, 'C3', 'less', 'C001', 2024, 'GANJIL', 98, 98, 95, 122.36, 35.38, 7.41),
('5366127663', 0, 'C2', 'medium', 'C001', 2024, 'GANJIL', 95, 30, 95, 90.8, 48.27, 62.62),
('5371127763', 0, 'C2', 'medium', 'C001', 2024, 'GANJIL', 80, 80, 82, 93.9, 7.83, 21.34),
('5372127863', 0, 'C3', 'less', 'C001', 2024, 'GANJIL', 98, 98, 95, 122.36, 35.38, 7.41),
('5376128063', 0, 'C2', 'medium', 'C001', 2024, 'GANJIL', 80, 80, 78, 92.54, 8.72, 23.61),
('5380128163', 0, 'C3', 'less', 'C001', 2024, 'GANJIL', 91, 92, 95, 113.91, 27.19, 3.43),
('5383128263', 0, 'C3', 'less', 'C001', 2024, 'GANJIL', 92, 90, 95, 113.28, 26.37, 3.74),
('5390128363', 0, 'C3', 'less', 'C001', 2024, 'GANJIL', 98, 98, 95, 122.36, 35.38, 7.41),
('5391128463', 0, 'C3', 'less', 'C001', 2024, 'GANJIL', 95, 95, 95, 118.45, 31.5, 3.65),
('5399128563', 0, 'C3', 'less', 'C001', 2024, 'GANJIL', 95, 85, 91, 110.6, 23.63, 7.89),
('5403128663', 0, 'C3', 'less', 'C001', 2024, 'GANJIL', 98, 98, 95, 122.36, 35.38, 7.41),
('5406128763', 0, 'C3', 'less', 'C001', 2024, 'GANJIL', 95, 95, 95, 118.45, 31.5, 3.65),
('5407128863', 0, 'C3', 'less', 'C001', 2024, 'GANJIL', 95, 85, 87, 109.12, 22.39, 9.6),
('5411128963', 0, 'C3', 'less', 'C001', 2024, 'GANJIL', 95, 95, 95, 118.45, 31.5, 3.65),
('5413129063', 0, 'C1', 'high', 'C001', 2024, 'GANJIL', 0, 0, 87, 46.24, 106.05, 131.7),
('5416129163', 0, 'C2', 'medium', 'C001', 2024, 'GANJIL', 50, 92, 86, 88.96, 33.35, 44.04),
('5417129263', 0, 'C3', 'less', 'C001', 2024, 'GANJIL', 89, 85, 90, 106.12, 18.99, 9.22),
('5419129363', 0, 'C3', 'less', 'C001', 2024, 'GANJIL', 88, 85, 92, 106.25, 19.34, 9.38),
('5422129463', 0, 'C2', 'medium', 'C001', 2024, 'GANJIL', 68, 80, 84, 87.24, 11.69, 29.75),
('5424129563', 0, 'C3', 'less', 'C001', 2024, 'GANJIL', 98, 98, 95, 122.36, 35.38, 7.41),
('5427129663', 0, 'C3', 'less', 'C001', 2024, 'GANJIL', 95, 95, 95, 118.45, 31.5, 3.65),
('5429129763', 0, 'C2', 'medium', 'C001', 2024, 'GANJIL', 68, 94, 92, 100.88, 25.16, 25.57),
('5431129863', 0, 'C2', 'medium', 'C001', 2024, 'GANJIL', 98, 30, 95, 93.36, 49.47, 62.76),
('5436129963', 0, 'C2', 'medium', 'C001', 2024, 'GANJIL', 68, 80, 84, 87.24, 11.69, 29.75),
('5437130063', 0, 'C3', 'less', 'C001', 2024, 'GANJIL', 98, 98, 95, 122.36, 35.38, 7.41),
('5438130163', 0, 'C3', 'less', 'C001', 2024, 'GANJIL', 85, 92, 87, 107.03, 21.45, 10.28),
('5448130263', 0, 'C3', 'less', 'C001', 2024, 'GANJIL', 88, 85, 89, 105.06, 17.95, 10.07),
('5453130363', 0, 'C3', 'less', 'C001', 2024, 'GANJIL', 95, 85, 94, 111.79, 24.95, 7.8),
('5454130463', 0, 'C3', 'less', 'C001', 2024, 'GANJIL', 98, 98, 95, 122.36, 35.38, 7.41),
('5457130563', 0, 'C3', 'less', 'C001', 2024, 'GANJIL', 98, 98, 95, 122.36, 35.38, 7.41),
('5459130663', 0, 'C3', 'less', 'C001', 2024, 'GANJIL', 93, 93, 95, 115.85, 28.96, 2.37),
('5464130763', 0, 'C3', 'less', 'C001', 2024, 'GANJIL', 95, 95, 95, 118.45, 31.5, 3.65),
('5466130863', 0, 'C2', 'medium', 'C001', 2024, 'GANJIL', 98, 98, 30, 114.62, 61.37, 63.13),
('5467130963', 0, 'C2', 'medium', 'C001', 2024, 'GANJIL', 95, 30, 95, 90.8, 48.27, 62.62),
('5469131063', 0, 'C3', 'less', 'C001', 2024, 'GANJIL', 88, 85, 88, 104.68, 17.58, 10.48),
('5470131163', 0, 'C3', 'less', 'C001', 2024, 'GANJIL', 88, 85, 91, 105.85, 18.84, 9.51),
('5479131263', 0, 'C3', 'less', 'C001', 2024, 'GANJIL', 90, 85, 90, 106.79, 19.64, 8.77),
('5481131363', 0, 'C3', 'less', 'C001', 2024, 'GANJIL', 98, 98, 95, 122.36, 35.38, 7.41),
('5482131463', 0, 'C2', 'medium', 'C001', 2024, 'GANJIL', 83, 80, 83, 96.26, 9.48, 19.05),
('5494131563', 0, 'C2', 'medium', 'C001', 2024, 'GANJIL', 80, 85, 83, 97.62, 12.63, 18.29),
('5496131663', 0, 'C2', 'medium', 'C001', 2024, 'GANJIL', 81, 85, 85, 98.98, 13.24, 16.54),
('5497131763', 0, 'C3', 'less', 'C001', 2024, 'GANJIL', 95, 85, 93, 111.39, 24.48, 7.71),
('5498131863', 0, 'C3', 'less', 'C001', 2024, 'GANJIL', 98, 98, 95, 122.36, 35.38, 7.41),
('5502131963', 0, 'C3', 'less', 'C001', 2024, 'GANJIL', 98, 98, 95, 122.36, 35.38, 7.41),
('5504132063', 0, 'C2', 'medium', 'C001', 2024, 'GANJIL', 95, 30, 30, 80.07, 69.61, 88.6),
('5505132163', 0, 'C3', 'less', 'C001', 2024, 'GANJIL', 95, 95, 95, 118.45, 31.5, 3.65),
('5506132263', 0, 'C2', 'medium', 'C001', 2024, 'GANJIL', 82, 80, 78, 93.89, 9.6, 22.52),
('5509132363', 0, 'C2', 'medium', 'C001', 2024, 'GANJIL', 30, 95, 95, 90.8, 53.57, 63.6),
('5513132463', 0, 'C2', 'medium', 'C001', 2024, 'GANJIL', 98, 30, 95, 93.36, 49.47, 62.76),
('5518132563', 0, 'C3', 'less', 'C001', 2024, 'GANJIL', 95, 95, 95, 118.45, 31.5, 3.65),
('5519132663', 0, 'C3', 'less', 'C001', 2024, 'GANJIL', 90, 85, 89, 106.4, 19.25, 9.13),
('5526132763', 0, 'C3', 'less', 'C001', 2024, 'GANJIL', 84, 92, 86, 106.05, 20.88, 11.67),
('5528132863', 0, 'C3', 'less', 'C001', 2024, 'GANJIL', 93, 92, 88, 112.56, 25.77, 4.79),
('5531132963', 0, 'C2', 'medium', 'C001', 2024, 'GANJIL', 95, 95, 30, 110.44, 59.22, 62.8),
('5534133063', 0, 'C3', 'less', 'C001', 2024, 'GANJIL', 98, 98, 95, 122.36, 35.38, 7.41),
('5538133163', 0, 'C3', 'less', 'C001', 2024, 'GANJIL', 98, 98, 95, 122.36, 35.38, 7.41),
('5539133263', 0, 'C3', 'less', 'C001', 2024, 'GANJIL', 98, 98, 95, 122.36, 35.38, 7.41),
('5543133363', 0, 'C3', 'less', 'C001', 2024, 'GANJIL', 98, 98, 95, 122.36, 35.38, 7.41),
('5546133463', 0, 'C3', 'less', 'C001', 2024, 'GANJIL', 88, 85, 87, 104.3, 17.25, 10.97),
('5549133563', 0, 'C3', 'less', 'C001', 2024, 'GANJIL', 95, 95, 95, 118.45, 31.5, 3.65),
('5555133663', 0, 'C2', 'medium', 'C001', 2024, 'GANJIL', 82, 80, 78, 93.89, 9.6, 22.52);

-- --------------------------------------------------------

--
-- Struktur dari tabel `courses`
--

CREATE TABLE `courses` (
  `id` char(100) NOT NULL,
  `teacher_id` char(100) NOT NULL,
  `year` int(10) UNSIGNED NOT NULL,
  `classroom_id` char(150) NOT NULL,
  `course_name` varchar(255) NOT NULL,
  `semester_id` char(150) NOT NULL
) ENGINE=InnoDB DEFAULT CHARSET=utf8mb4 COLLATE=utf8mb4_unicode_ci;

--
-- Dumping data untuk tabel `courses`
--

INSERT INTO `courses` (`id`, `teacher_id`, `year`, `classroom_id`, `course_name`, `semester_id`) VALUES
('C001', '0038772673130063', 2024, 'K002', 'IOT', 'GANJIL'),
('C002', '0038772673130063', 2024, 'K002', 'PBTGM', 'GANJIL');

-- --------------------------------------------------------

--
-- Struktur dari tabel `failed_jobs`
--

CREATE TABLE `failed_jobs` (
  `id` bigint(20) UNSIGNED NOT NULL,
  `uuid` varchar(255) NOT NULL,
  `connection` text NOT NULL,
  `queue` text NOT NULL,
  `payload` longtext NOT NULL,
  `exception` longtext NOT NULL,
  `failed_at` timestamp NOT NULL DEFAULT current_timestamp()
) ENGINE=InnoDB DEFAULT CHARSET=utf8mb4 COLLATE=utf8mb4_unicode_ci;

-- --------------------------------------------------------

--
-- Struktur dari tabel `grades`
--

CREATE TABLE `grades` (
  `course_id` char(100) NOT NULL,
  `year` int(10) UNSIGNED NOT NULL,
  `semester` char(100) NOT NULL,
  `student_id` char(100) NOT NULL,
  `assignment` double(8,2) UNSIGNED NOT NULL,
  `project` double(8,2) UNSIGNED NOT NULL,
  `exams` double(8,2) UNSIGNED NOT NULL,
  `attendance_presence` double(8,2) UNSIGNED NOT NULL
) ENGINE=InnoDB DEFAULT CHARSET=utf8mb4 COLLATE=utf8mb4_unicode_ci;

--
-- Dumping data untuk tabel `grades`
--

INSERT INTO `grades` (`course_id`, `year`, `semester`, `student_id`, `assignment`, `project`, `exams`, `attendance_presence`) VALUES
('C002', 2024, 'GANJIL', '2118055', 1.00, 0.00, 0.00, 0.00),
('C002', 2024, 'GANJIL', '5132119463', 97.00, 99.00, 90.00, 92.00),
('C002', 2024, 'GANJIL', '5133119563', 85.00, 87.00, 88.00, 90.00),
('C002', 2024, 'GANJIL', '5138119663', 80.00, 82.00, 88.00, 90.00),
('C002', 2024, 'GANJIL', '5139119763', 80.00, 83.00, 90.00, 93.00),
('C002', 2024, 'GANJIL', '5140119863', 86.00, 90.00, 91.00, 88.00),
('C002', 2024, 'GANJIL', '5143119963', 80.00, 82.00, 86.00, 85.00),
('C002', 2024, 'GANJIL', '5146120063', 87.00, 90.00, 88.00, 90.00),
('C002', 2024, 'GANJIL', '5154120263', 94.00, 96.00, 91.00, 90.00),
('C002', 2024, 'GANJIL', '5157120363', 83.00, 86.00, 86.00, 90.00),
('C002', 2024, 'GANJIL', '5160120463', 80.00, 88.00, 85.00, 82.00),
('C002', 2024, 'GANJIL', '5165120563', 94.00, 96.00, 88.00, 87.00),
('C002', 2024, 'GANJIL', '5172120663', 80.00, 82.00, 84.00, 85.00),
('C002', 2024, 'GANJIL', '5174120763', 85.00, 87.00, 86.00, 90.00),
('C002', 2024, 'GANJIL', '5175120863', 86.00, 89.00, 89.00, 91.00),
('C002', 2024, 'GANJIL', '5176120963', 84.00, 90.00, 90.00, 86.00),
('C002', 2024, 'GANJIL', '5179121063', 85.00, 87.00, 80.00, 80.00),
('C002', 2024, 'GANJIL', '5180121163', 80.00, 82.00, 88.00, 90.00),
('C002', 2024, 'GANJIL', '5185121363', 75.00, 72.00, 77.00, 78.00),
('C002', 2024, 'GANJIL', '5187121463', 94.00, 96.00, 89.00, 88.00),
('C002', 2024, 'GANJIL', '5189121563', 82.00, 85.00, 87.00, 93.00),
('C002', 2024, 'GANJIL', '5192121663', 80.00, 87.00, 85.00, 82.00),
('C002', 2024, 'GANJIL', '5193121763', 94.00, 96.00, 89.00, 88.00),
('C002', 2024, 'GANJIL', '5194121863', 85.00, 87.00, 90.00, 90.00),
('C002', 2024, 'GANJIL', '5200121963', 82.00, 88.00, 89.00, 84.00),
('C002', 2024, 'GANJIL', '5201122063', 92.00, 94.00, 88.00, 87.00),
('C002', 2024, 'GANJIL', '5203122163', 94.00, 96.00, 91.00, 90.00),
('C002', 2024, 'GANJIL', '5204122263', 80.00, 83.00, 80.00, 80.00),
('C002', 2024, 'GANJIL', '5205122363', 0.00, 0.00, 0.00, 0.00),
('C002', 2024, 'GANJIL', '5207122463', 85.00, 87.00, 88.00, 90.00),
('C002', 2024, 'GANJIL', '5213122563', 90.00, 90.00, 94.00, 92.00),
('C002', 2024, 'GANJIL', '5214122663', 80.00, 83.00, 88.00, 95.00),
('C002', 2024, 'GANJIL', '5215122763', 90.00, 81.00, 93.00, 92.00),
('C002', 2024, 'GANJIL', '5216122863', 99.00, 100.00, 91.00, 90.00),
('C002', 2024, 'GANJIL', '5218122963', 85.00, 87.00, 85.00, 85.00),
('C002', 2024, 'GANJIL', '5219123063', 85.00, 88.00, 84.00, 80.00),
('C002', 2024, 'GANJIL', '5221123163', 85.00, 87.00, 88.00, 85.00),
('C002', 2024, 'GANJIL', '5222123263', 96.00, 98.00, 87.00, 85.00),
('C002', 2024, 'GANJIL', '5230123363', 93.00, 95.00, 86.00, 85.00),
('C002', 2024, 'GANJIL', '5231123463', 90.00, 85.00, 89.00, 92.00),
('C002', 2024, 'GANJIL', '5238123563', 83.00, 78.00, 77.00, 82.00),
('C002', 2024, 'GANJIL', '5240123663', 97.00, 99.00, 92.00, 95.00),
('C002', 2024, 'GANJIL', '5243123763', 80.00, 82.00, 86.00, 90.00),
('C002', 2024, 'GANJIL', '5246123863', 75.00, 78.00, 75.00, 71.00),
('C002', 2024, 'GANJIL', '5252123963', 82.00, 85.00, 85.00, 80.00),
('C002', 2024, 'GANJIL', '5253124063', 80.00, 83.00, 93.00, 98.00),
('C002', 2024, 'GANJIL', '5256124163', 80.00, 82.00, 91.00, 82.00),
('C002', 2024, 'GANJIL', '5257124263', 97.00, 99.00, 87.00, 90.00),
('C002', 2024, 'GANJIL', '5264124363', 83.00, 97.00, 96.00, 85.00),
('C002', 2024, 'GANJIL', '5276124463', 94.00, 96.00, 89.00, 87.00),
('C002', 2024, 'GANJIL', '5279124563', 97.00, 99.00, 92.00, 92.00),
('C002', 2024, 'GANJIL', '5282124663', 94.00, 96.00, 91.00, 90.00),
('C002', 2024, 'GANJIL', '5286124763', 96.00, 98.00, 92.00, 91.00),
('C002', 2024, 'GANJIL', '5288124863', 83.00, 90.00, 92.00, 85.00),
('C002', 2024, 'GANJIL', '5294124963', 83.00, 92.00, 93.00, 85.00),
('C002', 2024, 'GANJIL', '5296125063', 90.00, 80.00, 90.00, 92.00),
('C002', 2024, 'GANJIL', '5304125163', 85.00, 87.00, 88.00, 85.00),
('C002', 2024, 'GANJIL', '5305125263', 93.00, 95.00, 87.00, 86.00),
('C002', 2024, 'GANJIL', '5308125363', 80.00, 83.00, 85.00, 85.00),
('C002', 2024, 'GANJIL', '5311125463', 80.00, 82.00, 90.00, 82.00),
('C002', 2024, 'GANJIL', '5313125563', 99.00, 100.00, 91.00, 90.00),
('C002', 2024, 'GANJIL', '5316125663', 88.00, 90.00, 90.00, 92.00),
('C002', 2024, 'GANJIL', '5317125763', 80.00, 83.00, 88.00, 90.00),
('C002', 2024, 'GANJIL', '5321125863', 95.00, 92.00, 92.00, 98.00),
('C002', 2024, 'GANJIL', '5322125963', 82.00, 86.00, 89.00, 84.00),
('C002', 2024, 'GANJIL', '5324126063', 90.00, 91.00, 93.00, 92.00),
('C002', 2024, 'GANJIL', '5325126163', 99.00, 100.00, 91.00, 90.00),
('C002', 2024, 'GANJIL', '5328126263', 97.00, 99.00, 93.00, 93.00),
('C002', 2024, 'GANJIL', '5329126363', 85.00, 88.00, 84.00, 83.00),
('C002', 2024, 'GANJIL', '5332126463', 97.00, 99.00, 91.00, 89.00),
('C002', 2024, 'GANJIL', '5333126563', 85.00, 87.00, 90.00, 90.00),
('C002', 2024, 'GANJIL', '5335126663', 88.00, 91.00, 92.00, 90.00),
('C002', 2024, 'GANJIL', '5336126763', 97.00, 99.00, 91.00, 90.00),
('C002', 2024, 'GANJIL', '5337126863', 97.00, 99.00, 89.00, 90.00),
('C002', 2024, 'GANJIL', '5338126963', 94.00, 96.00, 90.00, 89.00),
('C002', 2024, 'GANJIL', '5345127063', 99.00, 100.00, 91.00, 90.00),
('C002', 2024, 'GANJIL', '5346127163', 90.00, 91.00, 92.00, 92.00),
('C002', 2024, 'GANJIL', '5347127263', 80.00, 83.00, 90.00, 80.00),
('C002', 2024, 'GANJIL', '5348127363', 92.00, 94.00, 88.00, 86.00),
('C002', 2024, 'GANJIL', '5353127463', 80.00, 86.00, 88.00, 82.00),
('C002', 2024, 'GANJIL', '5365127563', 80.00, 83.00, 82.00, 75.00),
('C002', 2024, 'GANJIL', '5366127663', 90.00, 97.00, 96.00, 92.00),
('C002', 2024, 'GANJIL', '5371127763', 80.00, 82.00, 84.00, 85.00),
('C002', 2024, 'GANJIL', '5372127863', 80.00, 83.00, 93.00, 98.00),
('C002', 2024, 'GANJIL', '5376128063', 80.00, 82.00, 80.00, 80.00),
('C002', 2024, 'GANJIL', '5380128163', 95.00, 97.00, 91.00, 90.00),
('C002', 2024, 'GANJIL', '5383128263', 96.00, 98.00, 91.00, 90.00),
('C002', 2024, 'GANJIL', '5390128363', 81.00, 84.00, 80.00, 80.00),
('C002', 2024, 'GANJIL', '5391128463', 90.00, 81.00, 89.00, 92.00),
('C002', 2024, 'GANJIL', '5399128563', 99.00, 100.00, 90.00, 88.00),
('C002', 2024, 'GANJIL', '5403128663', 85.00, 88.00, 93.00, 98.00),
('C002', 2024, 'GANJIL', '5406128763', 82.00, 80.00, 75.00, 84.00),
('C002', 2024, 'GANJIL', '5407128863', 99.00, 100.00, 88.00, 86.00),
('C002', 2024, 'GANJIL', '5411128963', 82.00, 87.00, 91.00, 84.00),
('C002', 2024, 'GANJIL', '5413129063', 87.00, 90.00, 87.00, 91.00),
('C002', 2024, 'GANJIL', '5416129163', 80.00, 82.00, 88.00, 85.00),
('C002', 2024, 'GANJIL', '5417129263', 93.00, 95.00, 88.00, 86.00),
('C002', 2024, 'GANJIL', '5419129363', 92.00, 94.00, 89.00, 87.00),
('C002', 2024, 'GANJIL', '5422129463', 97.00, 99.00, 86.00, 90.00),
('C002', 2024, 'GANJIL', '5424129563', 87.00, 90.00, 89.00, 90.00),
('C002', 2024, 'GANJIL', '5427129663', 90.00, 85.00, 89.00, 92.00),
('C002', 2024, 'GANJIL', '5429129763', 97.00, 99.00, 94.00, 94.00),
('C002', 2024, 'GANJIL', '5431129863', 85.00, 88.00, 85.00, 85.00),
('C002', 2024, 'GANJIL', '5436129963', 85.00, 87.00, 86.00, 90.00),
('C002', 2024, 'GANJIL', '5437130063', 83.00, 86.00, 86.00, 90.00),
('C002', 2024, 'GANJIL', '5438130163', 85.00, 87.00, 89.00, 90.00),
('C002', 2024, 'GANJIL', '5448130263', 92.00, 94.00, 87.00, 85.00),
('C002', 2024, 'GANJIL', '5453130363', 99.00, 100.00, 89.00, 88.00),
('C002', 2024, 'GANJIL', '5454130463', 82.00, 85.00, 85.00, 80.00),
('C002', 2024, 'GANJIL', '5457130563', 83.00, 86.00, 87.00, 92.00),
('C002', 2024, 'GANJIL', '5459130663', 97.00, 99.00, 91.00, 90.00),
('C002', 2024, 'GANJIL', '5464130763', 90.00, 81.00, 89.00, 92.00),
('C002', 2024, 'GANJIL', '5466130863', 90.00, 93.00, 85.00, 90.00),
('C002', 2024, 'GANJIL', '5467130963', 82.00, 76.00, 81.00, 84.00),
('C002', 2024, 'GANJIL', '5469131063', 92.00, 94.00, 87.00, 85.00),
('C002', 2024, 'GANJIL', '5470131163', 92.00, 94.00, 86.00, 84.00),
('C002', 2024, 'GANJIL', '5479131263', 94.00, 96.00, 91.00, 90.00),
('C002', 2024, 'GANJIL', '5481131363', 81.00, 84.00, 93.00, 98.00),
('C002', 2024, 'GANJIL', '5482131463', 80.00, 82.00, 85.00, 85.00),
('C002', 2024, 'GANJIL', '5494131563', 80.00, 82.00, 85.00, 85.00),
('C002', 2024, 'GANJIL', '5496131663', 85.00, 87.00, 87.00, 90.00),
('C002', 2024, 'GANJIL', '5497131763', 99.00, 100.00, 91.00, 90.00),
('C002', 2024, 'GANJIL', '5498131863', 90.00, 93.00, 91.00, 95.00),
('C002', 2024, 'GANJIL', '5502131963', 82.00, 85.00, 87.00, 91.00),
('C002', 2024, 'GANJIL', '5504132063', 90.00, 72.00, 77.00, 92.00),
('C002', 2024, 'GANJIL', '5505132163', 90.00, 97.00, 96.00, 92.00),
('C002', 2024, 'GANJIL', '5506132263', 80.00, 82.00, 80.00, 80.00),
('C002', 2024, 'GANJIL', '5509132363', 78.00, 83.00, 87.00, 80.00),
('C002', 2024, 'GANJIL', '5513132463', 84.00, 87.00, 85.00, 90.00),
('C002', 2024, 'GANJIL', '5518132563', 80.00, 83.00, 85.00, 82.00),
('C002', 2024, 'GANJIL', '5519132663', 94.00, 96.00, 87.00, 85.00),
('C002', 2024, 'GANJIL', '5526132763', 85.00, 87.00, 88.00, 90.00),
('C002', 2024, 'GANJIL', '5528132863', 97.00, 99.00, 90.00, 90.00),
('C002', 2024, 'GANJIL', '5531132963', 80.00, 76.00, 77.00, 82.00),
('C002', 2024, 'GANJIL', '5534133063', 81.00, 84.00, 88.00, 92.00),
('C002', 2024, 'GANJIL', '5538133163', 80.00, 83.00, 85.00, 85.00),
('C002', 2024, 'GANJIL', '5539133263', 90.00, 93.00, 92.00, 98.00),
('C002', 2024, 'GANJIL', '5543133363', 82.00, 85.00, 86.00, 90.00),
('C002', 2024, 'GANJIL', '5546133463', 92.00, 94.00, 87.00, 85.00),
('C002', 2024, 'GANJIL', '5549133563', 84.00, 82.00, 77.00, 86.00),
('C002', 2024, 'GANJIL', '5555133663', 80.00, 82.00, 80.00, 80.00),
('C002', 2024, 'GENAP', '2118055', 0.00, 0.00, 0.00, 0.00),
('C002', 2024, 'GENAP', '5132119463', 97.00, 99.00, 90.00, 92.00),
('C002', 2024, 'GENAP', '5133119563', 85.00, 87.00, 88.00, 90.00),
('C002', 2024, 'GENAP', '5138119663', 80.00, 82.00, 88.00, 90.00),
('C002', 2024, 'GENAP', '5139119763', 80.00, 83.00, 90.00, 93.00),
('C002', 2024, 'GENAP', '5140119863', 86.00, 90.00, 91.00, 88.00),
('C002', 2024, 'GENAP', '5143119963', 80.00, 82.00, 86.00, 85.00),
('C002', 2024, 'GENAP', '5146120063', 87.00, 90.00, 88.00, 90.00),
('C002', 2024, 'GENAP', '5154120263', 94.00, 96.00, 91.00, 90.00),
('C002', 2024, 'GENAP', '5157120363', 83.00, 86.00, 86.00, 90.00),
('C002', 2024, 'GENAP', '5160120463', 80.00, 88.00, 85.00, 82.00),
('C002', 2024, 'GENAP', '5165120563', 94.00, 96.00, 88.00, 87.00),
('C002', 2024, 'GENAP', '5172120663', 80.00, 82.00, 84.00, 85.00),
('C002', 2024, 'GENAP', '5174120763', 85.00, 87.00, 86.00, 90.00),
('C002', 2024, 'GENAP', '5175120863', 86.00, 89.00, 89.00, 91.00),
('C002', 2024, 'GENAP', '5176120963', 84.00, 90.00, 90.00, 86.00),
('C002', 2024, 'GENAP', '5179121063', 85.00, 87.00, 80.00, 80.00),
('C002', 2024, 'GENAP', '5180121163', 80.00, 82.00, 88.00, 90.00),
('C002', 2024, 'GENAP', '5185121363', 75.00, 72.00, 77.00, 78.00),
('C002', 2024, 'GENAP', '5187121463', 94.00, 96.00, 89.00, 88.00),
('C002', 2024, 'GENAP', '5189121563', 82.00, 85.00, 87.00, 93.00),
('C002', 2024, 'GENAP', '5192121663', 80.00, 87.00, 85.00, 82.00),
('C002', 2024, 'GENAP', '5193121763', 94.00, 96.00, 89.00, 88.00),
('C002', 2024, 'GENAP', '5194121863', 85.00, 87.00, 90.00, 90.00),
('C002', 2024, 'GENAP', '5200121963', 82.00, 88.00, 89.00, 84.00),
('C002', 2024, 'GENAP', '5201122063', 92.00, 94.00, 88.00, 87.00),
('C002', 2024, 'GENAP', '5203122163', 94.00, 96.00, 91.00, 90.00),
('C002', 2024, 'GENAP', '5204122263', 80.00, 83.00, 80.00, 80.00),
('C002', 2024, 'GENAP', '5205122363', 0.00, 0.00, 0.00, 0.00),
('C002', 2024, 'GENAP', '5207122463', 85.00, 87.00, 88.00, 90.00),
('C002', 2024, 'GENAP', '5213122563', 90.00, 90.00, 94.00, 92.00),
('C002', 2024, 'GENAP', '5214122663', 80.00, 83.00, 88.00, 95.00),
('C002', 2024, 'GENAP', '5215122763', 90.00, 81.00, 93.00, 92.00),
('C002', 2024, 'GENAP', '5216122863', 99.00, 100.00, 91.00, 90.00),
('C002', 2024, 'GENAP', '5218122963', 85.00, 87.00, 85.00, 85.00),
('C002', 2024, 'GENAP', '5219123063', 85.00, 88.00, 84.00, 80.00),
('C002', 2024, 'GENAP', '5221123163', 85.00, 87.00, 88.00, 85.00),
('C002', 2024, 'GENAP', '5222123263', 96.00, 98.00, 87.00, 85.00),
('C002', 2024, 'GENAP', '5230123363', 93.00, 95.00, 86.00, 85.00),
('C002', 2024, 'GENAP', '5231123463', 90.00, 85.00, 89.00, 92.00),
('C002', 2024, 'GENAP', '5238123563', 83.00, 78.00, 77.00, 82.00),
('C002', 2024, 'GENAP', '5240123663', 97.00, 99.00, 92.00, 95.00),
('C002', 2024, 'GENAP', '5243123763', 80.00, 82.00, 86.00, 90.00),
('C002', 2024, 'GENAP', '5246123863', 75.00, 78.00, 75.00, 71.00),
('C002', 2024, 'GENAP', '5252123963', 82.00, 85.00, 85.00, 80.00),
('C002', 2024, 'GENAP', '5253124063', 80.00, 83.00, 93.00, 98.00),
('C002', 2024, 'GENAP', '5256124163', 80.00, 82.00, 91.00, 82.00),
('C002', 2024, 'GENAP', '5257124263', 97.00, 99.00, 87.00, 90.00),
('C002', 2024, 'GENAP', '5264124363', 83.00, 97.00, 96.00, 85.00),
('C002', 2024, 'GENAP', '5276124463', 94.00, 96.00, 89.00, 87.00),
('C002', 2024, 'GENAP', '5279124563', 97.00, 99.00, 92.00, 92.00),
('C002', 2024, 'GENAP', '5282124663', 94.00, 96.00, 91.00, 90.00),
('C002', 2024, 'GENAP', '5286124763', 96.00, 98.00, 92.00, 91.00),
('C002', 2024, 'GENAP', '5288124863', 83.00, 90.00, 92.00, 85.00),
('C002', 2024, 'GENAP', '5294124963', 83.00, 92.00, 93.00, 85.00),
('C002', 2024, 'GENAP', '5296125063', 90.00, 80.00, 90.00, 92.00),
('C002', 2024, 'GENAP', '5304125163', 85.00, 87.00, 88.00, 85.00),
('C002', 2024, 'GENAP', '5305125263', 93.00, 95.00, 87.00, 86.00),
('C002', 2024, 'GENAP', '5308125363', 80.00, 83.00, 85.00, 85.00),
('C002', 2024, 'GENAP', '5311125463', 80.00, 82.00, 90.00, 82.00),
('C002', 2024, 'GENAP', '5313125563', 99.00, 100.00, 91.00, 90.00),
('C002', 2024, 'GENAP', '5316125663', 88.00, 90.00, 90.00, 92.00),
('C002', 2024, 'GENAP', '5317125763', 80.00, 83.00, 88.00, 90.00),
('C002', 2024, 'GENAP', '5321125863', 95.00, 92.00, 92.00, 98.00),
('C002', 2024, 'GENAP', '5322125963', 82.00, 86.00, 89.00, 84.00),
('C002', 2024, 'GENAP', '5324126063', 90.00, 91.00, 93.00, 92.00),
('C002', 2024, 'GENAP', '5325126163', 99.00, 100.00, 91.00, 90.00),
('C002', 2024, 'GENAP', '5328126263', 97.00, 99.00, 93.00, 93.00),
('C002', 2024, 'GENAP', '5329126363', 85.00, 88.00, 84.00, 83.00),
('C002', 2024, 'GENAP', '5332126463', 97.00, 99.00, 91.00, 89.00),
('C002', 2024, 'GENAP', '5333126563', 85.00, 87.00, 90.00, 90.00),
('C002', 2024, 'GENAP', '5335126663', 88.00, 91.00, 92.00, 90.00),
('C002', 2024, 'GENAP', '5336126763', 97.00, 99.00, 91.00, 90.00),
('C002', 2024, 'GENAP', '5337126863', 97.00, 99.00, 89.00, 90.00),
('C002', 2024, 'GENAP', '5338126963', 94.00, 96.00, 90.00, 89.00),
('C002', 2024, 'GENAP', '5345127063', 99.00, 100.00, 91.00, 90.00),
('C002', 2024, 'GENAP', '5346127163', 90.00, 91.00, 92.00, 92.00),
('C002', 2024, 'GENAP', '5347127263', 80.00, 83.00, 90.00, 80.00),
('C002', 2024, 'GENAP', '5348127363', 92.00, 94.00, 88.00, 86.00),
('C002', 2024, 'GENAP', '5353127463', 80.00, 86.00, 88.00, 82.00),
('C002', 2024, 'GENAP', '5365127563', 80.00, 83.00, 82.00, 75.00),
('C002', 2024, 'GENAP', '5366127663', 90.00, 97.00, 96.00, 92.00),
('C002', 2024, 'GENAP', '5371127763', 80.00, 82.00, 84.00, 85.00),
('C002', 2024, 'GENAP', '5372127863', 80.00, 83.00, 93.00, 98.00),
('C002', 2024, 'GENAP', '5376128063', 80.00, 82.00, 80.00, 80.00),
('C002', 2024, 'GENAP', '5380128163', 95.00, 97.00, 91.00, 90.00),
('C002', 2024, 'GENAP', '5383128263', 96.00, 98.00, 91.00, 90.00),
('C002', 2024, 'GENAP', '5390128363', 81.00, 84.00, 80.00, 80.00),
('C002', 2024, 'GENAP', '5391128463', 90.00, 81.00, 89.00, 92.00),
('C002', 2024, 'GENAP', '5399128563', 99.00, 100.00, 90.00, 88.00),
('C002', 2024, 'GENAP', '5403128663', 85.00, 88.00, 93.00, 98.00),
('C002', 2024, 'GENAP', '5406128763', 82.00, 80.00, 75.00, 84.00),
('C002', 2024, 'GENAP', '5407128863', 99.00, 100.00, 88.00, 86.00),
('C002', 2024, 'GENAP', '5411128963', 82.00, 87.00, 91.00, 84.00),
('C002', 2024, 'GENAP', '5413129063', 87.00, 90.00, 87.00, 91.00),
('C002', 2024, 'GENAP', '5416129163', 80.00, 82.00, 88.00, 85.00),
('C002', 2024, 'GENAP', '5417129263', 93.00, 95.00, 88.00, 86.00),
('C002', 2024, 'GENAP', '5419129363', 92.00, 94.00, 89.00, 87.00),
('C002', 2024, 'GENAP', '5422129463', 97.00, 99.00, 86.00, 90.00),
('C002', 2024, 'GENAP', '5424129563', 87.00, 90.00, 89.00, 90.00),
('C002', 2024, 'GENAP', '5427129663', 90.00, 85.00, 89.00, 92.00),
('C002', 2024, 'GENAP', '5429129763', 97.00, 99.00, 94.00, 94.00),
('C002', 2024, 'GENAP', '5431129863', 85.00, 88.00, 85.00, 85.00),
('C002', 2024, 'GENAP', '5436129963', 85.00, 87.00, 86.00, 90.00),
('C002', 2024, 'GENAP', '5437130063', 83.00, 86.00, 86.00, 90.00),
('C002', 2024, 'GENAP', '5438130163', 85.00, 87.00, 89.00, 90.00),
('C002', 2024, 'GENAP', '5448130263', 92.00, 94.00, 87.00, 85.00),
('C002', 2024, 'GENAP', '5453130363', 99.00, 100.00, 89.00, 88.00),
('C002', 2024, 'GENAP', '5454130463', 82.00, 85.00, 85.00, 80.00),
('C002', 2024, 'GENAP', '5457130563', 83.00, 86.00, 87.00, 92.00),
('C002', 2024, 'GENAP', '5459130663', 97.00, 99.00, 91.00, 90.00),
('C002', 2024, 'GENAP', '5464130763', 90.00, 81.00, 89.00, 92.00),
('C002', 2024, 'GENAP', '5466130863', 90.00, 93.00, 85.00, 90.00),
('C002', 2024, 'GENAP', '5467130963', 82.00, 76.00, 81.00, 84.00),
('C002', 2024, 'GENAP', '5469131063', 92.00, 94.00, 87.00, 85.00),
('C002', 2024, 'GENAP', '5470131163', 92.00, 94.00, 86.00, 84.00),
('C002', 2024, 'GENAP', '5479131263', 94.00, 96.00, 91.00, 90.00),
('C002', 2024, 'GENAP', '5481131363', 81.00, 84.00, 93.00, 98.00),
('C002', 2024, 'GENAP', '5482131463', 80.00, 82.00, 85.00, 85.00),
('C002', 2024, 'GENAP', '5494131563', 80.00, 82.00, 85.00, 85.00),
('C002', 2024, 'GENAP', '5496131663', 85.00, 87.00, 87.00, 90.00),
('C002', 2024, 'GENAP', '5497131763', 99.00, 100.00, 91.00, 90.00),
('C002', 2024, 'GENAP', '5498131863', 90.00, 93.00, 91.00, 95.00),
('C002', 2024, 'GENAP', '5502131963', 82.00, 85.00, 87.00, 91.00),
('C002', 2024, 'GENAP', '5504132063', 90.00, 72.00, 77.00, 92.00),
('C002', 2024, 'GENAP', '5505132163', 90.00, 97.00, 96.00, 92.00),
('C002', 2024, 'GENAP', '5506132263', 80.00, 82.00, 80.00, 80.00),
('C002', 2024, 'GENAP', '5509132363', 78.00, 83.00, 87.00, 80.00),
('C002', 2024, 'GENAP', '5513132463', 84.00, 87.00, 85.00, 90.00),
('C002', 2024, 'GENAP', '5518132563', 80.00, 83.00, 85.00, 82.00),
('C002', 2024, 'GENAP', '5519132663', 94.00, 96.00, 87.00, 85.00),
('C002', 2024, 'GENAP', '5526132763', 85.00, 87.00, 88.00, 90.00),
('C002', 2024, 'GENAP', '5528132863', 97.00, 99.00, 90.00, 90.00),
('C002', 2024, 'GENAP', '5531132963', 80.00, 76.00, 77.00, 82.00),
('C002', 2024, 'GENAP', '5534133063', 81.00, 84.00, 88.00, 92.00),
('C002', 2024, 'GENAP', '5538133163', 80.00, 83.00, 85.00, 85.00),
('C002', 2024, 'GENAP', '5539133263', 90.00, 93.00, 92.00, 98.00),
('C002', 2024, 'GENAP', '5543133363', 82.00, 85.00, 86.00, 90.00),
('C002', 2024, 'GENAP', '5546133463', 92.00, 94.00, 87.00, 85.00),
('C002', 2024, 'GENAP', '5549133563', 84.00, 82.00, 77.00, 86.00),
('C002', 2024, 'GENAP', '5555133663', 80.00, 82.00, 80.00, 80.00),
('C001', 2024, 'GANJIL', '2118055', 0.00, 0.00, 0.00, 0.00),
('C001', 2024, 'GANJIL', '5132119463', 93.00, 92.00, 88.00, 88.00),
('C001', 2024, 'GANJIL', '5133119563', 83.00, 80.00, 86.00, 86.00),
('C001', 2024, 'GANJIL', '5138119663', 83.00, 80.00, 86.00, 86.00),
('C001', 2024, 'GANJIL', '5139119763', 98.00, 98.00, 95.00, 95.00),
('C001', 2024, 'GANJIL', '5140119863', 95.00, 95.00, 95.00, 95.00),
('C001', 2024, 'GANJIL', '5143119963', 82.00, 90.00, 84.00, 84.00),
('C001', 2024, 'GANJIL', '5146120063', 98.00, 98.00, 95.00, 95.00),
('C001', 2024, 'GANJIL', '5154120263', 90.00, 85.00, 88.00, 88.00),
('C001', 2024, 'GANJIL', '5157120363', 98.00, 98.00, 95.00, 95.00),
('C001', 2024, 'GANJIL', '5160120463', 95.00, 95.00, 95.00, 95.00),
('C001', 2024, 'GANJIL', '5165120563', 90.00, 85.00, 89.00, 89.00),
('C001', 2024, 'GANJIL', '5172120663', 82.00, 80.00, 82.00, 82.00),
('C001', 2024, 'GANJIL', '5174120763', 84.00, 80.00, 84.00, 84.00),
('C001', 2024, 'GANJIL', '5175120863', 98.00, 98.00, 95.00, 95.00),
('C001', 2024, 'GANJIL', '5176120963', 95.00, 95.00, 95.00, 95.00),
('C001', 2024, 'GANJIL', '5179121063', 80.00, 80.00, 78.00, 78.00),
('C001', 2024, 'GANJIL', '5180121163', 82.00, 80.00, 86.00, 86.00),
('C001', 2024, 'GANJIL', '5185121363', 30.00, 30.00, 30.00, 30.00),
('C001', 2024, 'GANJIL', '5187121463', 90.00, 85.00, 88.00, 88.00),
('C001', 2024, 'GANJIL', '5189121563', 98.00, 98.00, 95.00, 95.00),
('C001', 2024, 'GANJIL', '5192121663', 95.00, 85.00, 30.00, 30.00),
('C001', 2024, 'GANJIL', '5193121763', 50.00, 85.00, 96.00, 96.00),
('C001', 2024, 'GANJIL', '5194121863', 85.00, 80.00, 88.00, 88.00),
('C001', 2024, 'GANJIL', '5200121963', 95.00, 30.00, 95.00, 95.00),
('C001', 2024, 'GANJIL', '5201122063', 88.00, 85.00, 87.00, 87.00),
('C001', 2024, 'GANJIL', '5203122163', 90.00, 95.00, 95.00, 95.00),
('C001', 2024, 'GANJIL', '5204122263', 67.00, 98.00, 95.00, 95.00),
('C001', 2024, 'GANJIL', '5205122363', 30.00, 30.00, 30.00, 30.00),
('C001', 2024, 'GANJIL', '5207122463', 85.00, 80.00, 86.00, 86.00),
('C001', 2024, 'GANJIL', '5213122563', 95.00, 95.00, 95.00, 95.00),
('C001', 2024, 'GANJIL', '5214122663', 34.00, 98.00, 95.00, 95.00),
('C001', 2024, 'GANJIL', '5215122763', 95.00, 95.00, 95.00, 95.00),
('C001', 2024, 'GANJIL', '5216122863', 95.00, 67.00, 95.00, 95.00),
('C001', 2024, 'GANJIL', '5218122963', 82.00, 92.00, 86.00, 86.00),
('C001', 2024, 'GANJIL', '5219123063', 98.00, 98.00, 95.00, 95.00),
('C001', 2024, 'GANJIL', '5221123163', 35.00, 92.00, 86.00, 86.00),
('C001', 2024, 'GANJIL', '5222123263', 92.00, 85.00, 90.00, 90.00),
('C001', 2024, 'GANJIL', '5230123363', 89.00, 85.00, 90.00, 90.00),
('C001', 2024, 'GANJIL', '5231123463', 95.00, 95.00, 95.00, 95.00),
('C001', 2024, 'GANJIL', '5238123563', 95.00, 95.00, 95.00, 95.00),
('C001', 2024, 'GANJIL', '5240123663', 93.00, 92.00, 90.00, 90.00),
('C001', 2024, 'GANJIL', '5243123763', 82.00, 56.00, 84.00, 84.00),
('C001', 2024, 'GANJIL', '5246123863', 30.00, 30.00, 95.00, 95.00),
('C001', 2024, 'GANJIL', '5252123963', 98.00, 98.00, 95.00, 95.00),
('C001', 2024, 'GANJIL', '5253124063', 98.00, 98.00, 95.00, 95.00),
('C001', 2024, 'GANJIL', '5256124163', 95.00, 95.00, 95.00, 95.00),
('C001', 2024, 'GANJIL', '5257124263', 93.00, 80.00, 85.00, 85.00),
('C001', 2024, 'GANJIL', '5264124363', 95.00, 95.00, 95.00, 95.00),
('C001', 2024, 'GANJIL', '5276124463', 90.00, 85.00, 92.00, 92.00),
('C001', 2024, 'GANJIL', '5279124563', 93.00, 92.00, 90.00, 90.00),
('C001', 2024, 'GANJIL', '5282124663', 92.00, 95.00, 90.00, 90.00),
('C001', 2024, 'GANJIL', '5286124763', 92.00, 95.00, 95.00, 95.00),
('C001', 2024, 'GANJIL', '5288124863', 95.00, 95.00, 95.00, 95.00),
('C001', 2024, 'GANJIL', '5294124963', 95.00, 95.00, 95.00, 95.00),
('C001', 2024, 'GANJIL', '5296125063', 30.00, 95.00, 95.00, 95.00),
('C001', 2024, 'GANJIL', '5304125163', 83.00, 85.00, 86.00, 86.00),
('C001', 2024, 'GANJIL', '5305125263', 89.00, 85.00, 88.00, 88.00),
('C001', 2024, 'GANJIL', '5308125363', 98.00, 98.00, 95.00, 95.00),
('C001', 2024, 'GANJIL', '5311125463', 30.00, 95.00, 95.00, 95.00),
('C001', 2024, 'GANJIL', '5313125563', 95.00, 85.00, 95.00, 95.00),
('C001', 2024, 'GANJIL', '5316125663', 90.00, 44.00, 88.00, 88.00),
('C001', 2024, 'GANJIL', '5317125763', 98.00, 98.00, 95.00, 95.00),
('C001', 2024, 'GANJIL', '5321125863', 98.00, 98.00, 95.00, 95.00),
('C001', 2024, 'GANJIL', '5322125963', 95.00, 95.00, 95.00, 95.00),
('C001', 2024, 'GANJIL', '5324126063', 95.00, 95.00, 95.00, 95.00),
('C001', 2024, 'GANJIL', '5325126163', 95.00, 85.00, 90.00, 90.00),
('C001', 2024, 'GANJIL', '5328126263', 93.00, 23.00, 91.00, 91.00),
('C001', 2024, 'GANJIL', '5329126363', 98.00, 98.00, 95.00, 95.00),
('C001', 2024, 'GANJIL', '5332126463', 93.00, 85.00, 88.00, 88.00),
('C001', 2024, 'GANJIL', '5333126563', 82.00, 75.00, 88.00, 88.00),
('C001', 2024, 'GANJIL', '5335126663', 95.00, 95.00, 95.00, 95.00),
('C001', 2024, 'GANJIL', '5336126763', 93.00, 85.00, 93.00, 93.00),
('C001', 2024, 'GANJIL', '5337126863', 93.00, 92.00, 87.00, 87.00),
('C001', 2024, 'GANJIL', '5338126963', 90.00, 95.00, 95.00, 95.00),
('C001', 2024, 'GANJIL', '5345127063', 95.00, 85.00, 95.00, 95.00),
('C001', 2024, 'GANJIL', '5346127163', 95.00, 95.00, 95.00, 95.00),
('C001', 2024, 'GANJIL', '5347127263', 98.00, 98.00, 95.00, 95.00),
('C001', 2024, 'GANJIL', '5348127363', 88.00, 85.00, 89.00, 89.00),
('C001', 2024, 'GANJIL', '5353127463', 95.00, 95.00, 95.00, 95.00),
('C001', 2024, 'GANJIL', '5365127563', 98.00, 98.00, 95.00, 95.00),
('C001', 2024, 'GANJIL', '5366127663', 95.00, 30.00, 95.00, 95.00),
('C001', 2024, 'GANJIL', '5371127763', 80.00, 80.00, 82.00, 82.00),
('C001', 2024, 'GANJIL', '5372127863', 98.00, 98.00, 95.00, 95.00),
('C001', 2024, 'GANJIL', '5376128063', 80.00, 80.00, 78.00, 78.00),
('C001', 2024, 'GANJIL', '5380128163', 91.00, 92.00, 95.00, 95.00),
('C001', 2024, 'GANJIL', '5383128263', 92.00, 90.00, 95.00, 95.00),
('C001', 2024, 'GANJIL', '5390128363', 98.00, 98.00, 95.00, 95.00),
('C001', 2024, 'GANJIL', '5391128463', 95.00, 95.00, 95.00, 95.00),
('C001', 2024, 'GANJIL', '5399128563', 95.00, 85.00, 91.00, 91.00),
('C001', 2024, 'GANJIL', '5403128663', 98.00, 98.00, 95.00, 95.00),
('C001', 2024, 'GANJIL', '5406128763', 95.00, 95.00, 95.00, 95.00),
('C001', 2024, 'GANJIL', '5407128863', 95.00, 85.00, 87.00, 87.00),
('C001', 2024, 'GANJIL', '5411128963', 95.00, 95.00, 95.00, 95.00),
('C001', 2024, 'GANJIL', '5413129063', 0.00, 0.00, 87.00, 87.00),
('C001', 2024, 'GANJIL', '5416129163', 50.00, 92.00, 86.00, 86.00),
('C001', 2024, 'GANJIL', '5417129263', 89.00, 85.00, 90.00, 90.00),
('C001', 2024, 'GANJIL', '5419129363', 88.00, 85.00, 92.00, 92.00),
('C001', 2024, 'GANJIL', '5422129463', 68.00, 80.00, 84.00, 84.00),
('C001', 2024, 'GANJIL', '5424129563', 98.00, 98.00, 95.00, 95.00),
('C001', 2024, 'GANJIL', '5427129663', 95.00, 95.00, 95.00, 95.00),
('C001', 2024, 'GANJIL', '5429129763', 68.00, 94.00, 92.00, 92.00),
('C001', 2024, 'GANJIL', '5431129863', 98.00, 30.00, 95.00, 95.00),
('C001', 2024, 'GANJIL', '5436129963', 68.00, 80.00, 84.00, 84.00),
('C001', 2024, 'GANJIL', '5437130063', 98.00, 98.00, 95.00, 95.00),
('C001', 2024, 'GANJIL', '5438130163', 85.00, 92.00, 87.00, 87.00),
('C001', 2024, 'GANJIL', '5448130263', 88.00, 85.00, 89.00, 89.00),
('C001', 2024, 'GANJIL', '5453130363', 95.00, 85.00, 94.00, 94.00),
('C001', 2024, 'GANJIL', '5454130463', 98.00, 98.00, 95.00, 95.00),
('C001', 2024, 'GANJIL', '5457130563', 98.00, 98.00, 95.00, 95.00),
('C001', 2024, 'GANJIL', '5459130663', 93.00, 93.00, 95.00, 95.00),
('C001', 2024, 'GANJIL', '5464130763', 95.00, 95.00, 95.00, 95.00),
('C001', 2024, 'GANJIL', '5466130863', 98.00, 98.00, 30.00, 30.00),
('C001', 2024, 'GANJIL', '5467130963', 95.00, 30.00, 95.00, 95.00),
('C001', 2024, 'GANJIL', '5469131063', 88.00, 85.00, 88.00, 88.00),
('C001', 2024, 'GANJIL', '5470131163', 88.00, 85.00, 91.00, 91.00),
('C001', 2024, 'GANJIL', '5479131263', 90.00, 85.00, 90.00, 90.00),
('C001', 2024, 'GANJIL', '5481131363', 98.00, 98.00, 95.00, 95.00),
('C001', 2024, 'GANJIL', '5482131463', 83.00, 80.00, 83.00, 83.00),
('C001', 2024, 'GANJIL', '5494131563', 80.00, 85.00, 83.00, 83.00),
('C001', 2024, 'GANJIL', '5496131663', 81.00, 85.00, 85.00, 85.00),
('C001', 2024, 'GANJIL', '5497131763', 95.00, 85.00, 93.00, 93.00),
('C001', 2024, 'GANJIL', '5498131863', 98.00, 98.00, 95.00, 95.00),
('C001', 2024, 'GANJIL', '5502131963', 98.00, 98.00, 95.00, 95.00),
('C001', 2024, 'GANJIL', '5504132063', 95.00, 30.00, 30.00, 30.00),
('C001', 2024, 'GANJIL', '5505132163', 95.00, 95.00, 95.00, 95.00),
('C001', 2024, 'GANJIL', '5506132263', 82.00, 80.00, 78.00, 78.00),
('C001', 2024, 'GANJIL', '5509132363', 30.00, 95.00, 95.00, 95.00),
('C001', 2024, 'GANJIL', '5513132463', 98.00, 30.00, 95.00, 95.00),
('C001', 2024, 'GANJIL', '5518132563', 95.00, 95.00, 95.00, 95.00),
('C001', 2024, 'GANJIL', '5519132663', 90.00, 85.00, 89.00, 89.00),
('C001', 2024, 'GANJIL', '5526132763', 84.00, 92.00, 86.00, 86.00),
('C001', 2024, 'GANJIL', '5528132863', 93.00, 92.00, 88.00, 88.00),
('C001', 2024, 'GANJIL', '5531132963', 95.00, 95.00, 30.00, 30.00),
('C001', 2024, 'GANJIL', '5534133063', 98.00, 98.00, 95.00, 95.00),
('C001', 2024, 'GANJIL', '5538133163', 98.00, 98.00, 95.00, 95.00),
('C001', 2024, 'GANJIL', '5539133263', 98.00, 98.00, 95.00, 95.00),
('C001', 2024, 'GANJIL', '5543133363', 98.00, 98.00, 95.00, 95.00),
('C001', 2024, 'GANJIL', '5546133463', 88.00, 85.00, 87.00, 87.00),
('C001', 2024, 'GANJIL', '5549133563', 95.00, 95.00, 95.00, 95.00),
('C001', 2024, 'GANJIL', '5555133663', 82.00, 80.00, 78.00, 78.00);

-- --------------------------------------------------------

--
-- Struktur dari tabel `migrations`
--

CREATE TABLE `migrations` (
  `id` int(10) UNSIGNED NOT NULL,
  `migration` varchar(255) NOT NULL,
  `batch` int(11) NOT NULL
) ENGINE=InnoDB DEFAULT CHARSET=utf8mb4 COLLATE=utf8mb4_unicode_ci;

--
-- Dumping data untuk tabel `migrations`
--

INSERT INTO `migrations` (`id`, `migration`, `batch`) VALUES
(1, '2014_10_12_000000_create_users_table', 1),
(2, '2014_10_12_100000_create_password_resets_table', 1),
(3, '2019_08_19_000000_create_failed_jobs_table', 1),
(4, '2019_12_14_000001_create_personal_access_tokens_table', 1),
(5, '2025_03_28_164436_classroom_table', 1),
(6, '2025_03_28_164833_programstudies_table', 1),
(7, '2025_03_28_164900_students_table', 1),
(8, '2025_03_28_165023_semesters_table', 1),
(9, '2025_03_28_165113_years_table', 1),
(10, '2025_03_28_165205_courses_table', 1),
(11, '2025_03_28_165329_grades_table', 1),
(12, '2025_03_28_165441_teachers_table', 1),
(13, '2025_03_28_165546_attendants_table', 1),
(14, '2025_03_28_165629_clusterings_table', 1),
(15, '2025_04_21_005654_drop_semester', 1),
(16, '2025_04_21_005736_alter_course_add_semester', 1),
(17, '2025_04_23_044747_alter-grades-drop-gradefactor-grade', 1),
(18, '2025_04_23_044826_alter-grades-create-grade', 1),
(19, '2025_04_28_013334_alter_grades_drop_semester', 1),
(20, '2025_04_28_013444_alter_grades_add_semester', 1),
(21, '2025_05_08_104051_alter_clustering_table', 1),
(22, '2025_05_18_102746_alter_teachers_add_usernamepassword', 1);

-- --------------------------------------------------------

--
-- Struktur dari tabel `password_resets`
--

CREATE TABLE `password_resets` (
  `email` varchar(255) NOT NULL,
  `token` varchar(255) NOT NULL,
  `created_at` timestamp NULL DEFAULT NULL
) ENGINE=InnoDB DEFAULT CHARSET=utf8mb4 COLLATE=utf8mb4_unicode_ci;

-- --------------------------------------------------------

--
-- Struktur dari tabel `personal_access_tokens`
--

CREATE TABLE `personal_access_tokens` (
  `id` bigint(20) UNSIGNED NOT NULL,
  `tokenable_type` varchar(255) NOT NULL,
  `tokenable_id` bigint(20) UNSIGNED NOT NULL,
  `name` varchar(255) NOT NULL,
  `token` varchar(64) NOT NULL,
  `abilities` text DEFAULT NULL,
  `last_used_at` timestamp NULL DEFAULT NULL,
  `created_at` timestamp NULL DEFAULT NULL,
  `updated_at` timestamp NULL DEFAULT NULL
) ENGINE=InnoDB DEFAULT CHARSET=utf8mb4 COLLATE=utf8mb4_unicode_ci;

-- --------------------------------------------------------

--
-- Struktur dari tabel `program_studies`
--

CREATE TABLE `program_studies` (
  `id` char(100) NOT NULL,
  `program_study_name` char(255) NOT NULL
) ENGINE=InnoDB DEFAULT CHARSET=utf8mb4 COLLATE=utf8mb4_unicode_ci;

--
-- Dumping data untuk tabel `program_studies`
--

INSERT INTO `program_studies` (`id`, `program_study_name`) VALUES
('RPL', 'REKAYASA PERANGKAT LUNAK'),
('TKJ', 'TEKNIK KOMPUTER JARINGAN');

-- --------------------------------------------------------

--
-- Struktur dari tabel `semesters`
--

CREATE TABLE `semesters` (
  `semester` char(200) NOT NULL,
  `year` int(10) UNSIGNED NOT NULL
) ENGINE=InnoDB DEFAULT CHARSET=utf8mb4 COLLATE=utf8mb4_unicode_ci;

--
-- Dumping data untuk tabel `semesters`
--

INSERT INTO `semesters` (`semester`, `year`) VALUES
('GANJIL', 0),
('GENAP', 0);

-- --------------------------------------------------------

--
-- Struktur dari tabel `students`
--

CREATE TABLE `students` (
  `id` char(100) NOT NULL,
  `classroom_id` char(100) NOT NULL,
  `name` varchar(255) NOT NULL,
  `gender` enum('pria','wanita') NOT NULL
) ENGINE=InnoDB DEFAULT CHARSET=utf8mb4 COLLATE=utf8mb4_unicode_ci;

--
-- Dumping data untuk tabel `students`
--

INSERT INTO `students` (`id`, `classroom_id`, `name`, `gender`) VALUES
('2118055', 'K002', 'RIDHO ARIF W', 'wanita'),
('27197004', 'K001', 'Ridho Arif W', 'pria'),
('5132119463', 'K002', 'A KHARISH FIKRI DZULFAHMI', 'pria'),
('5133119563', 'K002', 'ABDILLAH TSAQIF ALFA ROSSY', 'pria'),
('5138119663', 'K002', 'ACHMAD ROIF HAFIZH SAPUTRA', 'pria'),
('5139119763', 'K002', 'ADAM MATARI', 'pria'),
('5140119863', 'K002', 'ADAM PUTRA HIDAYAT', 'pria'),
('5143119963', 'K002', 'ADITYA RIFKY NOVIANSYAH', 'pria'),
('5146120063', 'K002', 'AFGAND IBRA MAHARDIKA SYACH', 'pria'),
('5154120263', 'K002', 'AHMAD ZIDAN RAMADHANI', 'pria'),
('5157120363', 'K002', 'AISYAH ATHA JOVITA', 'pria'),
('5160120463', 'K002', 'AKIRA FAIRUZ IRAWAN', 'pria'),
('5165120563', 'K002', 'ALIYA NAVESA LESTARI', 'pria'),
('5172120663', 'K002', 'AMIIROH JIHAAN ZAYYAN', 'pria'),
('5174120763', 'K002', 'ANANDA PUTRI PRATAMA', 'pria'),
('5175120863', 'K002', 'ANANTA ABDUS SYUKURIANSYAH', 'pria'),
('5176120963', 'K002', 'ANANTA KHAMIL DIANDOKO', 'pria'),
('5179121063', 'K002', 'ANDIKA PUTRA MAULANA PRATAMA', 'pria'),
('5180121163', 'K002', 'ANDRA LAZUARDI RAMADHAN', 'pria'),
('5185121363', 'K002', 'ANISA OKTA SITI KIRANI', 'pria'),
('5187121463', 'K002', 'ANJASYAH EGA RAMADHAN', 'pria'),
('5189121563', 'K002', 'ANNISA AHLAQUL KARIMA', 'pria'),
('5192121663', 'K002', 'ARLELINA RACHMA KHAIRUNNISA', 'pria'),
('5193121763', 'K002', 'ARMITHA DWI MAHARANI', 'pria'),
('5194121863', 'K002', 'ARRAFI DAFFA KHOIRUDIN', 'pria'),
('5200121963', 'K002', 'AURELIUS ONARA VIDO JUTA TRISYAWAN', 'pria'),
('5201122063', 'K002', 'AYU MARSELLA SETIANDASARI OLIVIA SANDI', 'pria'),
('5203122163', 'K002', 'AZERUS EZHAR ABIEZA WICAKSANA', 'pria'),
('5204122263', 'K002', 'AZRIEL RIZALDY NOOR', 'pria'),
('5205122363', 'K002', 'AZRIL PUTRA DIAZ', 'pria'),
('5207122463', 'K002', 'BARID HADI MUKTI', 'pria'),
('5213122563', 'K002', 'BONAVENTURA FEDERECUS KEVIN WIJAYA', 'pria'),
('5214122663', 'K002', 'BRYANT ANTHONY KORES OBHETAN', 'pria'),
('5215122763', 'K002', 'CAESAR JAGAD SENO PRATAMA', 'pria'),
('5216122863', 'K002', 'CAHYA ADI SANJAYA', 'pria'),
('5218122963', 'K002', 'CHANTYKA ANGELINA DE\' AGMORITA', 'pria'),
('5219123063', 'K002', 'CHELSEA NAURALITA', 'pria'),
('5221123163', 'K002', 'CHERRIL NOVA MAULIDA', 'pria'),
('5222123263', 'K002', 'CHESTA RIDHO BUDHI KARUNIA', 'pria'),
('5230123363', 'K002', 'DAJUAN PRIYAGUNG WICAKSONO', 'pria'),
('5231123463', 'K002', 'DANANG PUTRO BASKORO', 'pria'),
('5238123563', 'K002', 'DETHA ANDIA WALUYO', 'pria'),
('5240123663', 'K002', 'DIAS ADI MUHSIN', 'pria'),
('5243123763', 'K002', 'DINI MAY PUTRI SARI', 'pria'),
('5246123863', 'K002', 'DZAKI ANDIKA FAUZAN', 'pria'),
('5252123963', 'K002', 'ELVINA RAMADHANI', 'pria'),
('5253124063', 'K002', 'ELZAR FIREZA PUTRA WIBOWO', 'pria'),
('5256124163', 'K002', 'ERTIN SETIA HARINI', 'pria'),
('5257124263', 'K002', 'FAAHIMAH SEKAR AYU PAMUJI', 'pria'),
('5264124363', 'K002', 'FANDI AHMAD ZULFIKAR', 'pria'),
('5276124463', 'K002', 'FAUSTIN HOSEA FEDERIKO', 'pria'),
('5279124563', 'K002', 'FEBE CHRISTANTIA', 'pria'),
('5282124663', 'K002', 'FERDIANSYAH NUR ROSYID', 'pria'),
('5286124763', 'K002', 'FORENO FAISAL FAHRI', 'pria'),
('5288124863', 'K002', 'GADIS BENING NUR MENTARI RHAUDINA', 'pria'),
('5294124963', 'K002', 'GILANG ANGGER PRATAMA', 'pria'),
('5296125063', 'K002', 'HADITYA JUMAR MAULANA', 'pria'),
('5304125163', 'K002', 'HUBBIKA MUTAYYAMA AHMAD', 'pria'),
('5305125263', 'K002', 'INTANIA ARNETTA RENDU SINA', 'pria'),
('5308125363', 'K002', 'IRMA DEVI FARADILA', 'pria'),
('5311125463', 'K002', 'ISTIQ FARIN SYEFA AULIA F', 'pria'),
('5313125563', 'K002', 'IVRIEL DEI GRATIA GUNAWAN', 'pria'),
('5316125663', 'K002', 'JENDRA SATRIA BIMANTARA IRAWAN', 'pria'),
('5317125763', 'K002', 'JHEVO MAHIJA GILLY ALETHEA', 'pria'),
('5321125863', 'K002', 'JUWANITA DWI TIARA', 'pria'),
('5322125963', 'K002', 'KAWAKIBI UBAIDILLAH', 'pria'),
('5324126063', 'K002', 'KEISYA ANANDA CAYADEWI', 'pria'),
('5325126163', 'K002', 'KEN MAJAS ISLAMY', 'pria'),
('5328126263', 'K002', 'KHAFID ZAIFUDDIN ROHMAN', 'pria'),
('5329126363', 'K002', 'KHARISMA DITHA AULIARAHMA', 'pria'),
('5332126463', 'K002', 'KYARA ANRIVA NAJWA LESMANA', 'pria'),
('5333126563', 'K002', 'LAILATUL FITRI', 'pria'),
('5335126663', 'K002', 'LARAS WINANDA PUTRI', 'pria'),
('5336126763', 'K002', 'LEDY JENTRI MEIZA', 'pria'),
('5337126863', 'K002', 'LINTANG PRAMESTHI DANISWARA', 'pria'),
('5338126963', 'K002', 'LOVI ADIVA ALEXIANDRIA', 'pria'),
('5345127063', 'K002', 'MAULANA EL JAUZIYAH AL GHANI', 'pria'),
('5346127163', 'K002', 'MAULIDYA SAFITRI', 'pria'),
('5347127263', 'K002', 'MAURA VIRGINIA ALFAREZA', 'pria'),
('5348127363', 'K002', 'MELANI AZZURA NAJMA', 'pria'),
('5353127463', 'K002', 'MOCH RAFI RUSDIANTO', 'pria'),
('5365127563', 'K002', 'MOHAMMAD ABID PRATAMA', 'pria'),
('5366127663', 'K002', 'MOHAMMAD ALIP PUTRA MAULANA', 'pria'),
('5371127763', 'K002', 'MONALIZA MARETA TITANIA', 'pria'),
('5372127863', 'K002', 'MUCHAMAD RAIHAN SYAHRI RAMADHAN', 'pria'),
('5376128063', 'K002', 'MUHAMAD AMRU SAVERO', 'pria'),
('5380128163', 'K002', 'MUHAMMAD AKMAL MAULANA HIDAYAT', 'pria'),
('5383128263', 'K002', 'MUHAMMAD BAGUS DUWI SAPUTRA', 'pria'),
('5390128363', 'K002', 'MUHAMMAD DZAKIYYUL FUAD', 'pria'),
('5391128463', 'K002', 'MUHAMMAD FAHREL AYUDYA', 'pria'),
('5399128563', 'K002', 'MUHAMMAD NAUFAL PRATAMA', 'pria'),
('5403128663', 'K002', 'MUHAMMAD RIFKI FAJAR HAMDANI', 'pria'),
('5406128763', 'K002', 'MUHAMMAD SATRIA ILWAN', 'pria'),
('5407128863', 'K002', 'MUHAMMAD SATRIA RANGGA PRAYOGA', 'pria'),
('5411128963', 'K002', 'MUHAMMAD TOPAZ AL IBRAHIM SYAHPUTRA', 'pria'),
('5413129063', 'K002', 'MUHAMMAD YUSUF NUR FADHILLAH', 'pria'),
('5416129163', 'K002', 'NABILA NOVIANTI PUTRI', 'pria'),
('5417129263', 'K002', 'NADIA ANGELINA RAHARJO', 'pria'),
('5419129363', 'K002', 'NAFHISYA ZEVANIA SAVA EFFENDI', 'pria'),
('5422129463', 'K002', 'NAJWA NATHANIA KHUMAIRA', 'pria'),
('5424129563', 'K002', 'NATHANAEL BUDI PRADITA', 'pria'),
('5427129663', 'K002', 'NAUFAL ADILLAH RYAN', 'pria'),
('5429129763', 'K002', 'NAUFAL HAFIZH GHANI AFANDI', 'pria'),
('5431129863', 'K002', 'NENTI INDI WIJAYANTI', 'pria'),
('5436129963', 'K002', 'NOVANIA NUR OLIVIA', 'pria'),
('5437130063', 'K002', 'NOVEL NINO HERLAMBANG', 'pria'),
('5438130163', 'K002', 'NUR WAHYUNI AGUSTINA', 'pria'),
('5448130263', 'K002', 'PRISKILA ANASTASYA SOUMERU', 'pria'),
('5453130363', 'K002', 'RADITYA MAHENDRA', 'pria'),
('5454130463', 'K002', 'RADITYA RIZKY PERMANA', 'pria'),
('5457130563', 'K002', 'RAFFAY MAHER ROHAIL', 'pria'),
('5459130663', 'K002', 'RAFFY RESHAINA PASHA', 'pria'),
('5464130763', 'K002', 'RAKA CATUR ANDIKA', 'pria'),
('5466130863', 'K002', 'RANGGA NURDIANSYAH', 'pria'),
('5467130963', 'K002', 'RANGGA PUTRA ADITYA WIBOWO', 'pria'),
('5469131063', 'K002', 'RASIKAH RIZQIA HARIYONO', 'pria'),
('5470131163', 'K002', 'RASTIA RACHMADINI HIDAYAT', 'pria'),
('5479131263', 'K002', 'REYNA AYDHINA MARITZA', 'pria'),
('5481131363', 'K002', 'REZKY ADITYA PERMANA', 'pria'),
('5482131463', 'K002', 'RHEINA LELI SYAKILA', 'pria'),
('5494131563', 'K002', 'RORO AYU WULANDARI', 'pria'),
('5496131663', 'K002', 'RYBINTANG FARLI MAULIDAN', 'pria'),
('5497131763', 'K002', 'SAEFINA BAHARI', 'pria'),
('5498131863', 'K002', 'SAEFIRA BAHARI', 'pria'),
('5502131963', 'K002', 'SAHFIRA NOVALINDA', 'pria'),
('5504132063', 'K002', 'SALWA SALSABILA FIRDAUSI', 'pria'),
('5505132163', 'K002', 'SAMUDRA MIAFA', 'pria'),
('5506132263', 'K002', 'SARI ANDAYANI', 'pria'),
('5509132363', 'K002', 'SATRIA FARRAS DARWISY', 'pria'),
('5513132463', 'K002', 'SEFINA INNAKA PUTRI', 'pria'),
('5518132563', 'K002', 'SHEVI FINOLA AGISCA', 'pria'),
('5519132663', 'K002', 'SHEYRA NAZALEA ANJELY', 'pria'),
('5526132763', 'K002', 'SRI MULYANI', 'pria'),
('5528132863', 'K002', 'THIRZA SABIAN NUGRAHA PUTRA VELDY', 'pria'),
('5531132963', 'K002', 'VALEN INESTA', 'pria'),
('5534133063', 'K002', 'VEDIE FAUSTA ARYASATYA', 'pria'),
('5538133163', 'K002', 'VIOLETTA CINDY SABRINA PUTRI', 'pria'),
('5539133263', 'K002', 'VIQI AHMAD RIDWAN', 'pria'),
('5543133363', 'K002', 'WULAN MAULIDIYA ANNISA FITRI', 'pria'),
('5546133463', 'K002', 'YEMIMA AUDYANTI PATRIKHA', 'pria'),
('5549133563', 'K002', 'YUNITA EKA SAPUTRI', 'pria'),
('5555133663', 'K002', 'ZIHAN PANCASWARI', 'pria');

-- --------------------------------------------------------

--
-- Struktur dari tabel `teachers`
--

CREATE TABLE `teachers` (
  `id` char(100) NOT NULL,
  `name` varchar(200) NOT NULL,
  `username` varchar(200) DEFAULT NULL,
  `password` varchar(200) DEFAULT NULL,
  `role` enum('kakomli','guru') NOT NULL
) ENGINE=InnoDB DEFAULT CHARSET=utf8mb4 COLLATE=utf8mb4_unicode_ci;

--
-- Dumping data untuk tabel `teachers`
--

INSERT INTO `teachers` (`id`, `name`, `username`, `password`, `role`) VALUES
('0038772673130063', 'Rizka Caesaries Pradany A.R., S.Kom., Gr.', '0038772673130063@sch.id', '$2y$10$/WYCbTCZHmk73TVge057F.YKlvaXQHZoheT/LMpM0W76vNE2SDGee', 'guru'),
('1', 'admin', 'admin', '$2y$10$aDeAKzWaeThZVWbONLsRLeYwda2AdCic2LZFp8Dy5SH0aGh9ZdYSa', 'kakomli');

-- --------------------------------------------------------

--
-- Struktur dari tabel `users`
--

CREATE TABLE `users` (
  `id` bigint(20) UNSIGNED NOT NULL,
  `name` varchar(255) NOT NULL,
  `email` varchar(255) NOT NULL,
  `email_verified_at` timestamp NULL DEFAULT NULL,
  `password` varchar(255) NOT NULL,
  `remember_token` varchar(100) DEFAULT NULL,
  `created_at` timestamp NULL DEFAULT NULL,
  `updated_at` timestamp NULL DEFAULT NULL
) ENGINE=InnoDB DEFAULT CHARSET=utf8mb4 COLLATE=utf8mb4_unicode_ci;

--
-- Dumping data untuk tabel `users`
--

INSERT INTO `users` (`id`, `name`, `email`, `email_verified_at`, `password`, `remember_token`, `created_at`, `updated_at`) VALUES
(1, 'Admin', 'admin123@gmail.com', NULL, '$2y$10$2byWzkVJxEyaof611AIabu7N7TfRa78/PqysiUj9UMPOoVsZBwvWW', NULL, '2025-05-19 03:16:20', '2025-05-19 03:16:20');

-- --------------------------------------------------------

--
-- Struktur dari tabel `years`
--

CREATE TABLE `years` (
  `year` int(10) UNSIGNED NOT NULL,
  `academic_year` varchar(150) NOT NULL
) ENGINE=InnoDB DEFAULT CHARSET=utf8mb4 COLLATE=utf8mb4_unicode_ci;

--
-- Dumping data untuk tabel `years`
--

INSERT INTO `years` (`year`, `academic_year`) VALUES
(2024, '2024-2025');

--
-- Indexes for dumped tables
--

--
-- Indeks untuk tabel `classrooms`
--
ALTER TABLE `classrooms`
  ADD PRIMARY KEY (`id`);

--
-- Indeks untuk tabel `courses`
--
ALTER TABLE `courses`
  ADD PRIMARY KEY (`id`);

--
-- Indeks untuk tabel `failed_jobs`
--
ALTER TABLE `failed_jobs`
  ADD PRIMARY KEY (`id`),
  ADD UNIQUE KEY `failed_jobs_uuid_unique` (`uuid`);

--
-- Indeks untuk tabel `migrations`
--
ALTER TABLE `migrations`
  ADD PRIMARY KEY (`id`);

--
-- Indeks untuk tabel `password_resets`
--
ALTER TABLE `password_resets`
  ADD KEY `password_resets_email_index` (`email`);

--
-- Indeks untuk tabel `personal_access_tokens`
--
ALTER TABLE `personal_access_tokens`
  ADD PRIMARY KEY (`id`),
  ADD UNIQUE KEY `personal_access_tokens_token_unique` (`token`),
  ADD KEY `personal_access_tokens_tokenable_type_tokenable_id_index` (`tokenable_type`,`tokenable_id`);

--
-- Indeks untuk tabel `program_studies`
--
ALTER TABLE `program_studies`
  ADD PRIMARY KEY (`id`);

--
-- Indeks untuk tabel `semesters`
--
ALTER TABLE `semesters`
  ADD PRIMARY KEY (`semester`);

--
-- Indeks untuk tabel `students`
--
ALTER TABLE `students`
  ADD PRIMARY KEY (`id`);

--
-- Indeks untuk tabel `teachers`
--
ALTER TABLE `teachers`
  ADD PRIMARY KEY (`id`);

--
-- Indeks untuk tabel `users`
--
ALTER TABLE `users`
  ADD PRIMARY KEY (`id`),
  ADD UNIQUE KEY `users_email_unique` (`email`);

--
-- Indeks untuk tabel `years`
--
ALTER TABLE `years`
  ADD PRIMARY KEY (`year`);

--
-- AUTO_INCREMENT untuk tabel yang dibuang
--

--
-- AUTO_INCREMENT untuk tabel `failed_jobs`
--
ALTER TABLE `failed_jobs`
  MODIFY `id` bigint(20) UNSIGNED NOT NULL AUTO_INCREMENT;

--
-- AUTO_INCREMENT untuk tabel `migrations`
--
ALTER TABLE `migrations`
  MODIFY `id` int(10) UNSIGNED NOT NULL AUTO_INCREMENT, AUTO_INCREMENT=23;

--
-- AUTO_INCREMENT untuk tabel `personal_access_tokens`
--
ALTER TABLE `personal_access_tokens`
  MODIFY `id` bigint(20) UNSIGNED NOT NULL AUTO_INCREMENT;

--
-- AUTO_INCREMENT untuk tabel `users`
--
ALTER TABLE `users`
  MODIFY `id` bigint(20) UNSIGNED NOT NULL AUTO_INCREMENT, AUTO_INCREMENT=2;
COMMIT;

/*!40101 SET CHARACTER_SET_CLIENT=@OLD_CHARACTER_SET_CLIENT */;
/*!40101 SET CHARACTER_SET_RESULTS=@OLD_CHARACTER_SET_RESULTS */;
/*!40101 SET COLLATION_CONNECTION=@OLD_COLLATION_CONNECTION */;
